"","Individual","aet","def","q","soil","PDSI","pet","ppt","srad","tmax","tmin","vap","vpd","ws"
"1","M2211APBCSW504",69.8,10.5,3.1,75,-0.97,80.3,62.7,142.3,26.8,19.5,2.257,0.65,2.4
"2","M2211APBCSW505",69.8,10.5,3.1,75,-0.97,80.3,62.7,142.3,26.8,19.5,2.257,0.65,2.4
"3","M2211APBCSW502",67,13.4,2.8,71.1,-1.05,80.3,56.8,142.8,26.8,19.5,2.26,0.65,2.4
"4","M2211APBCSW503",67,13.4,2.8,71.1,-1.05,80.3,56.8,142.8,26.8,19.5,2.26,0.65,2.4
"5","M2211APBCSW500",67,13.4,2.8,71.1,-1.05,80.3,56.8,142.8,26.8,19.5,2.26,0.65,2.4
"6","M2211APBCSW501",67,13.4,2.8,71.1,-1.05,80.3,56.8,142.8,26.8,19.5,2.26,0.65,2.4
"7","M2211APBCSW497",67,13.4,2.8,71.1,-1.05,80.3,56.8,142.8,26.8,19.5,2.26,0.65,2.4
"8","M2211APBCSW498",67,13.4,2.8,71.1,-1.05,80.3,56.8,142.8,26.8,19.5,2.26,0.65,2.4
"9","M2211APBCSW495",67,13.4,2.8,71.1,-1.05,80.3,56.8,142.8,26.8,19.5,2.26,0.65,2.4
"10","M2211APBCSW496",67,13.4,2.8,71.1,-1.05,80.3,56.8,142.8,26.8,19.5,2.26,0.65,2.4
"11","M2211APBCSW499",67,13.4,2.8,71.1,-1.05,80.3,56.8,142.8,26.8,19.5,2.26,0.65,2.4
"12","M2206APBCSW308",138.7,0,25.5,124,-2.14,138.7,164.2,234.4,31.8,25.9,3.176,0.87,3.1
"13","M2206APBCSW304",138.7,0,25.5,124,-2.14,138.7,164.2,234.4,31.8,25.9,3.176,0.87,3.1
"14","M2206APBCSW306",138.7,0,25.5,124,-2.14,138.7,164.2,234.4,31.8,25.9,3.176,0.87,3.1
"15","M2206APBCSW307",138.7,0,25.5,124,-2.14,138.7,164.2,234.4,31.8,25.9,3.176,0.87,3.1
"16","M2206APXTSW315",138.7,0,25.5,124,-2.14,138.7,164.2,234.4,31.8,25.9,3.176,0.87,3.1
"17","M2206APBCSW305",138.7,0,25.5,124,-2.14,138.7,164.2,234.4,31.8,25.9,3.176,0.87,3.1
"18","M2206APXTSW316",138.7,0,25.5,124,-2.14,138.7,164.2,234.4,31.8,25.9,3.176,0.87,3.1
"19","M2206APBCSW302",138.7,0,25.5,124,-2.14,138.7,164.2,234.4,31.8,25.9,3.176,0.87,3.1
"20","M2206APBCSW303",138.7,0,25.5,124,-2.14,138.7,164.2,234.4,31.8,25.9,3.176,0.87,3.1
"21","M2206APBCSW301",138.7,0,25.5,124,-2.14,138.7,164.2,234.4,31.8,25.9,3.176,0.87,3.1
"22","M2206APBCSW300",138.7,0,25.5,124,-2.14,138.7,164.2,234.4,31.8,25.9,3.176,0.87,3.1
"23","M2206APBCSW299",138.7,0,25.5,124,-2.14,138.7,164.2,234.4,31.8,25.9,3.176,0.87,3.1
"24","M2211APHXSH485",67,13.4,2.8,71.1,-1.05,80.3,56.8,142.8,26.8,19.5,2.26,0.65,2.4
"25","M2211APHXSH484",67,13.4,2.8,71.1,-1.05,80.3,56.8,142.8,26.8,19.5,2.26,0.65,2.4
"26","M2211APHJSH470",67,13.4,2.8,71.1,-1.05,80.3,56.8,142.8,26.8,19.5,2.26,0.65,2.4
"27","M2211APHJSH472",67,13.4,2.8,71.1,-1.05,80.3,56.8,142.8,26.8,19.5,2.26,0.65,2.4
"28","M2211APHJSH478",67,13.4,2.8,71.1,-1.05,80.3,56.8,142.8,26.8,19.5,2.26,0.65,2.4
"29","M2211APHJSH479",67,13.4,2.8,71.1,-1.05,80.3,56.8,142.8,26.8,19.5,2.26,0.65,2.4
"30","M2211APHJSH471",67,13.4,2.8,71.1,-1.05,80.3,56.8,142.8,26.8,19.5,2.26,0.65,2.4
"31","M2211APHJSH477",67,13.4,2.8,71.1,-1.05,80.3,56.8,142.8,26.8,19.5,2.26,0.65,2.4
"32","M2211APHXSH482",67,13.4,2.8,71.1,-1.05,80.3,56.8,142.8,26.8,19.5,2.26,0.65,2.4
"33","M2211APHJSH473",67,13.4,2.8,71.1,-1.05,80.3,56.8,142.8,26.8,19.5,2.26,0.65,2.4
"34","M2211APHJSH480",67,13.4,2.8,71.1,-1.05,80.3,56.8,142.8,26.8,19.5,2.26,0.65,2.4
"35","M2211APHJSH481",67,13.4,2.8,71.1,-1.05,80.3,56.8,142.8,26.8,19.5,2.26,0.65,2.4
"36","M2211APHXSH486",67,13.4,2.8,71.1,-1.05,80.3,56.8,142.8,26.8,19.5,2.26,0.65,2.4
"37","M2211APHXSH491",67,13.4,2.8,71.1,-1.05,80.3,56.8,142.8,26.8,19.5,2.26,0.65,2.4
"38","M2211APHXSH492",67,13.4,2.8,71.1,-1.05,80.3,56.8,142.8,26.8,19.5,2.26,0.65,2.4
"39","M2211APHXSH493",67,13.4,2.8,71.1,-1.05,80.3,56.8,142.8,26.8,19.5,2.26,0.65,2.4
"40","M2211APHJSH476",67,13.4,2.8,71.1,-1.05,80.3,56.8,142.8,26.8,19.5,2.26,0.65,2.4
"41","M2211APHXSH490",67,13.4,2.8,71.1,-1.05,80.3,56.8,142.8,26.8,19.5,2.26,0.65,2.4
"42","M2211APHXSH487",67,13.4,2.8,71.1,-1.05,80.3,56.8,142.8,26.8,19.5,2.26,0.65,2.4
"43","M2211APHJSH474",67,13.4,2.8,71.1,-1.05,80.3,56.8,142.8,26.8,19.5,2.26,0.65,2.4
"44","M2211APHJSH475",67,13.4,2.8,71.1,-1.05,80.3,56.8,142.8,26.8,19.5,2.26,0.65,2.4
"45","M2211APHXSH489",67,13.4,2.8,71.1,-1.05,80.3,56.8,142.8,26.8,19.5,2.26,0.65,2.4
"46","M2211APHXSH488",67,13.4,2.8,71.1,-1.05,80.3,56.8,142.8,26.8,19.5,2.26,0.65,2.4
"47","M2301APBCSW801",46.7,23.3,2,31.1,-0.84,70,39.8,132.6,17.8,12,1.238,0.49,2.9
"48","M2301APHXSW779",46.7,23.3,2,31.1,-0.84,70,39.8,132.6,17.8,12,1.238,0.49,2.9
"49","M2301APBCSW804",46.7,23.3,2,31.1,-0.84,70,39.8,132.6,17.8,12,1.238,0.49,2.9
"50","M2301APBCSW800",46.7,23.3,2,31.1,-0.84,70,39.8,132.6,17.8,12,1.238,0.49,2.9
"51","M2301APBCSW796",46.7,23.3,2,31.1,-0.84,70,39.8,132.6,17.8,12,1.238,0.49,2.9
"52","M2301APBCSW805",46.7,23.3,2,31.1,-0.84,70,39.8,132.6,17.8,12,1.238,0.49,2.9
"53","M2301APBCSW797",46.7,23.3,2,31.1,-0.84,70,39.8,132.6,17.8,12,1.238,0.49,2.9
"54","M2301APBCSW799",46.7,23.3,2,31.1,-0.84,70,39.8,132.6,17.8,12,1.238,0.49,2.9
"55","M2301APBCSW803",46.7,23.3,2,31.1,-0.84,70,39.8,132.6,17.8,12,1.238,0.49,2.9
"56","M2301APBCSW802",46.7,23.3,2,31.1,-0.84,70,39.8,132.6,17.8,12,1.238,0.49,2.9
"57","M2204APHMSW297",79.6,30.8,3.2,38.8,-1.96,110.4,64.8,214.2,25.6,19.8,2.172,0.64,2.5
"58","M2204APXTSW298",79.6,30.8,3.2,38.8,-1.96,110.4,64.8,214.2,25.6,19.8,2.172,0.64,2.5
"59","M2206APBCSW310",137.4,0,28.1,123.2,-2.21,137.4,165.5,233.5,31.7,25.8,3.165,0.85,3
"60","M2206APBCSW309",137.4,0,28.1,123.2,-2.21,137.4,165.5,233.5,31.7,25.8,3.165,0.85,3
"61","M2206APQMSW314",137.4,0,28.1,123.2,-2.21,137.4,165.5,233.5,31.7,25.8,3.165,0.85,3
"62","M2206APBCSW312",137.4,0,28.1,123.2,-2.21,137.4,165.5,233.5,31.7,25.8,3.165,0.85,3
"63","M2206APBCSW313",137.4,0,28.1,123.2,-2.21,137.4,165.5,233.5,31.7,25.8,3.165,0.85,3
"64","M2206APBCSW311",137.4,0,28.1,123.2,-2.21,137.4,165.5,233.5,31.7,25.8,3.165,0.85,3
"65","M2201APXTSW114",33.4,26.1,1.2,31.9,-2.24,59.6,23.7,137.5,19.4,13.6,1.55,0.36,2.4
"66","M2201APXTSW113",33.4,26.1,1.2,31.9,-2.24,59.6,23.7,137.5,19.4,13.6,1.55,0.36,2.4
"67","M2201APBCSW103",33.4,26.1,1.2,31.9,-2.24,59.6,23.7,137.5,19.4,13.6,1.55,0.36,2.4
"68","M2201APBCSW104",33.4,26.1,1.2,31.9,-2.24,59.6,23.7,137.5,19.4,13.6,1.55,0.36,2.4
"69","M2201APXTSW112",33.4,26.1,1.2,31.9,-2.24,59.6,23.7,137.5,19.4,13.6,1.55,0.36,2.4
"70","M2201APBCSW102",33.4,26.1,1.2,31.9,-2.24,59.6,23.7,137.5,19.4,13.6,1.55,0.36,2.4
"71","M2201APBCSW100",33.4,26.1,1.2,31.9,-2.24,59.6,23.7,137.5,19.4,13.6,1.55,0.36,2.4
"72","M2201APBCSW094",34.6,24,1.3,34,-2.3,58.7,25.5,137.1,19.3,13.4,1.55,0.35,2.4
"73","M2201APBCSW091",34.6,24,1.3,34,-2.3,58.7,25.5,137.1,19.3,13.4,1.55,0.35,2.4
"74","M2201APHWSW105",34.6,24,1.3,34,-2.3,58.7,25.5,137.1,19.3,13.4,1.55,0.35,2.4
"75","M2201APBCSW093",34.6,24,1.3,34,-2.3,58.7,25.5,137.1,19.3,13.4,1.55,0.35,2.4
"76","M2201APBCSW090",34.6,24,1.3,34,-2.3,58.7,25.5,137.1,19.3,13.4,1.55,0.35,2.4
"77","M2201APBCSW092",34.6,24,1.3,34,-2.3,58.7,25.5,137.1,19.3,13.4,1.55,0.35,2.4
"78","M2301APBCSW806",45.2,20.8,2,31.1,-1.32,65.9,39.3,133.4,17.4,11.5,1.219,0.46,2.4
"79","M2301APBCSW809",45.2,20.8,2,31.1,-1.32,65.9,39.3,133.4,17.4,11.5,1.219,0.46,2.4
"80","M2301APBCSW808",45.2,20.8,2,31.1,-1.32,65.9,39.3,133.4,17.4,11.5,1.219,0.46,2.4
"81","M2301APBCSW807",45.2,20.8,2,31.1,-1.32,65.9,39.3,133.4,17.4,11.5,1.219,0.46,2.4
"82","M2201APCQJH071",35.9,22.8,1.3,37.2,-2.36,58.7,26.6,136.5,19.4,13.3,1.538,0.36,2.3
"83","M2201APHXSH080",35.9,22.8,1.3,37.2,-2.36,58.7,26.6,136.5,19.4,13.3,1.538,0.36,2.3
"84","M2201APHXSH085",35.9,22.8,1.3,37.2,-2.36,58.7,26.6,136.5,19.4,13.3,1.538,0.36,2.3
"85","M2201APCQJH073",35.9,22.8,1.3,37.2,-2.36,58.7,26.6,136.5,19.4,13.3,1.538,0.36,2.3
"86","M2201APCQJH064",35.9,22.8,1.3,37.2,-2.36,58.7,26.6,136.5,19.4,13.3,1.538,0.36,2.3
"87","M2201APCQJH072",35.9,22.8,1.3,37.2,-2.36,58.7,26.6,136.5,19.4,13.3,1.538,0.36,2.3
"88","M2201APHXSH084",35.9,22.8,1.3,37.2,-2.36,58.7,26.6,136.5,19.4,13.3,1.538,0.36,2.3
"89","M2201APHJSH088",35.9,22.8,1.3,37.2,-2.36,58.7,26.6,136.5,19.4,13.3,1.538,0.36,2.3
"90","M2201APHXSH083",35.9,22.8,1.3,37.2,-2.36,58.7,26.6,136.5,19.4,13.3,1.538,0.36,2.3
"91","M2201APCQJH065",35.9,22.8,1.3,37.2,-2.36,58.7,26.6,136.5,19.4,13.3,1.538,0.36,2.3
"92","M2201APHXSH082",35.9,22.8,1.3,37.2,-2.36,58.7,26.6,136.5,19.4,13.3,1.538,0.36,2.3
"93","M2201APCQJH067",35.9,22.8,1.3,37.2,-2.36,58.7,26.6,136.5,19.4,13.3,1.538,0.36,2.3
"94","M2201APCQJH077",35.9,22.8,1.3,37.2,-2.36,58.7,26.6,136.5,19.4,13.3,1.538,0.36,2.3
"95","M2201APCQJH075",35.9,22.8,1.3,37.2,-2.36,58.7,26.6,136.5,19.4,13.3,1.538,0.36,2.3
"96","M2201APHXSH081",35.9,22.8,1.3,37.2,-2.36,58.7,26.6,136.5,19.4,13.3,1.538,0.36,2.3
"97","M2201APCQJH078",35.9,22.8,1.3,37.2,-2.36,58.7,26.6,136.5,19.4,13.3,1.538,0.36,2.3
"98","M2201APCQJH068",35.9,22.8,1.3,37.2,-2.36,58.7,26.6,136.5,19.4,13.3,1.538,0.36,2.3
"99","M2201APHXSH079",35.9,22.8,1.3,37.2,-2.36,58.7,26.6,136.5,19.4,13.3,1.538,0.36,2.3
"100","M2201APCQJH066",35.9,22.8,1.3,37.2,-2.36,58.7,26.6,136.5,19.4,13.3,1.538,0.36,2.3
"101","M2201APHXSH087",35.9,22.8,1.3,37.2,-2.36,58.7,26.6,136.5,19.4,13.3,1.538,0.36,2.3
"102","M2201APCQJH076",35.9,22.8,1.3,37.2,-2.36,58.7,26.6,136.5,19.4,13.3,1.538,0.36,2.3
"103","M2201APHXSH086",35.9,22.8,1.3,37.2,-2.36,58.7,26.6,136.5,19.4,13.3,1.538,0.36,2.3
"104","M2201APHJSH089",35.9,22.8,1.3,37.2,-2.36,58.7,26.6,136.5,19.4,13.3,1.538,0.36,2.3
"105","M2201APBCSW096",33.8,25.1,1.2,33.3,-2.2,58.9,24,137,19.4,13.5,1.549,0.36,2.3
"106","M2201APBCSW095",33.8,25.1,1.2,33.3,-2.2,58.9,24,137,19.4,13.5,1.549,0.36,2.3
"107","M2201APBCSW098",33.8,25.1,1.2,33.3,-2.2,58.9,24,137,19.4,13.5,1.549,0.36,2.3
"108","M2201APXTSW109",33.8,25.1,1.2,33.3,-2.2,58.9,24,137,19.4,13.5,1.549,0.36,2.3
"109","M2201APXTSW110",33.8,25.1,1.2,33.3,-2.2,58.9,24,137,19.4,13.5,1.549,0.36,2.3
"110","M2201APXTSW111",33.8,25.1,1.2,33.3,-2.2,58.9,24,137,19.4,13.5,1.549,0.36,2.3
"111","M2201APXTSW108",33.8,25.1,1.2,33.3,-2.2,58.9,24,137,19.4,13.5,1.549,0.36,2.3
"112","M2201APBCSW097",33.8,25.1,1.2,33.3,-2.2,58.9,24,137,19.4,13.5,1.549,0.36,2.3
"113","M2201APBCSW099",33.8,25.1,1.2,33.3,-2.2,58.9,24,137,19.4,13.5,1.549,0.36,2.3
"114","M2211APCQJH462",62,13.8,2.6,70.6,-1.64,75.8,51.3,140.5,26.7,19.3,2.244,0.64,1.8
"115","M2211APCQJH460",62,13.8,2.6,70.6,-1.64,75.8,51.3,140.5,26.7,19.3,2.244,0.64,1.8
"116","M2211APCQJH463",62,13.8,2.6,70.6,-1.64,75.8,51.3,140.5,26.7,19.3,2.244,0.64,1.8
"117","M2211APCQJH461",62,13.8,2.6,70.6,-1.64,75.8,51.3,140.5,26.7,19.3,2.244,0.64,1.8
"118","M2211APCQJH459",62,13.8,2.6,70.6,-1.64,75.8,51.3,140.5,26.7,19.3,2.244,0.64,1.8
"119","M2211APCQJH458",62,13.8,2.6,70.6,-1.64,75.8,51.3,140.5,26.7,19.3,2.244,0.64,1.8
"120","M2211APBCSW506",62,13.8,2.6,70.6,-1.64,75.8,51.3,140.5,26.7,19.3,2.244,0.64,1.8
"121","M2211APBCSW508",62,13.8,2.6,70.6,-1.64,75.8,51.3,140.5,26.7,19.3,2.244,0.64,1.8
"122","M2211APBCSW507",62,13.8,2.6,70.6,-1.64,75.8,51.3,140.5,26.7,19.3,2.244,0.64,1.8
"123","M2211APBCSW494",62,13.8,2.6,70.6,-1.64,75.8,51.3,140.5,26.7,19.3,2.244,0.64,1.8
"124","M2204APBCSW284",79.3,29.8,3.2,41.5,-1.85,109.2,63.2,214.4,25.5,19.9,2.165,0.64,2.1
"125","M2204APBCSW285",79.3,29.8,3.2,41.5,-1.85,109.2,63.2,214.4,25.5,19.9,2.165,0.64,2.1
"126","M2204APBCSW283",79.3,29.8,3.2,41.5,-1.85,109.2,63.2,214.4,25.5,19.9,2.165,0.64,2.1
"127","M2204APBCSW282",79.3,29.8,3.2,41.5,-1.85,109.2,63.2,214.4,25.5,19.9,2.165,0.64,2.1
"128","M2301APCQJH771",47.1,18.8,2.1,33,-1.41,65.9,42.1,132.5,17.5,11.4,1.213,0.47,2.4
"129","M2301APHJSH788",47.1,18.8,2.1,33,-1.41,65.9,42.1,132.5,17.5,11.4,1.213,0.47,2.4
"130","M2301APHJSH790",47.1,18.8,2.1,33,-1.41,65.9,42.1,132.5,17.5,11.4,1.213,0.47,2.4
"131","M2301APHJSH786",47.1,18.8,2.1,33,-1.41,65.9,42.1,132.5,17.5,11.4,1.213,0.47,2.4
"132","M2301APHJSH781",47.1,18.8,2.1,33,-1.41,65.9,42.1,132.5,17.5,11.4,1.213,0.47,2.4
"133","M2301APHJSH791",47.1,18.8,2.1,33,-1.41,65.9,42.1,132.5,17.5,11.4,1.213,0.47,2.4
"134","M2301APHJSH787",47.1,18.8,2.1,33,-1.41,65.9,42.1,132.5,17.5,11.4,1.213,0.47,2.4
"135","M2301APHJSH794",47.1,18.8,2.1,33,-1.41,65.9,42.1,132.5,17.5,11.4,1.213,0.47,2.4
"136","M2301APHJSH792",47.1,18.8,2.1,33,-1.41,65.9,42.1,132.5,17.5,11.4,1.213,0.47,2.4
"137","M2301APHJSH793",47.1,18.8,2.1,33,-1.41,65.9,42.1,132.5,17.5,11.4,1.213,0.47,2.4
"138","M2301APHXSH777",47.1,18.8,2.1,33,-1.41,65.9,42.1,132.5,17.5,11.4,1.213,0.47,2.4
"139","M2301APHJSH785",47.1,18.8,2.1,33,-1.41,65.9,42.1,132.5,17.5,11.4,1.213,0.47,2.4
"140","M2301APHXSH778",47.1,18.8,2.1,33,-1.41,65.9,42.1,132.5,17.5,11.4,1.213,0.47,2.4
"141","M2301APHJSH789",47.1,18.8,2.1,33,-1.41,65.9,42.1,132.5,17.5,11.4,1.213,0.47,2.4
"142","M2301APHXSH776",47.1,18.8,2.1,33,-1.41,65.9,42.1,132.5,17.5,11.4,1.213,0.47,2.4
"143","M2301APHJSH784",47.1,18.8,2.1,33,-1.41,65.9,42.1,132.5,17.5,11.4,1.213,0.47,2.4
"144","M2301APHXSH775",47.1,18.8,2.1,33,-1.41,65.9,42.1,132.5,17.5,11.4,1.213,0.47,2.4
"145","M2301APHJSH795",47.1,18.8,2.1,33,-1.41,65.9,42.1,132.5,17.5,11.4,1.213,0.47,2.4
"146","M2301APHJSH782",47.1,18.8,2.1,33,-1.41,65.9,42.1,132.5,17.5,11.4,1.213,0.47,2.4
"147","M2301APHXSH774",47.1,18.8,2.1,33,-1.41,65.9,42.1,132.5,17.5,11.4,1.213,0.47,2.4
"148","M2206APCQJH323",137.4,0,29,125,-2.36,137.4,166.4,233.3,31.7,25.9,3.145,0.88,2.8
"149","M2206APHJSH336",137.4,0,29,125,-2.36,137.4,166.4,233.3,31.7,25.9,3.145,0.88,2.8
"150","M2206APCQJH327",137.4,0,29,125,-2.36,137.4,166.4,233.3,31.7,25.9,3.145,0.88,2.8
"151","M2206APCQJH325",137.4,0,29,125,-2.36,137.4,166.4,233.3,31.7,25.9,3.145,0.88,2.8
"152","M2206APCQJH320",137.4,0,29,125,-2.36,137.4,166.4,233.3,31.7,25.9,3.145,0.88,2.8
"153","M2206APCQJH322",137.4,0,29,125,-2.36,137.4,166.4,233.3,31.7,25.9,3.145,0.88,2.8
"154","M2206APHXSH339",137.4,0,29,125,-2.36,137.4,166.4,233.3,31.7,25.9,3.145,0.88,2.8
"155","M2206APHJSH337",137.4,0,29,125,-2.36,137.4,166.4,233.3,31.7,25.9,3.145,0.88,2.8
"156","M2206APHXSH338",137.4,0,29,125,-2.36,137.4,166.4,233.3,31.7,25.9,3.145,0.88,2.8
"157","M2206APCQJH326",137.4,0,29,125,-2.36,137.4,166.4,233.3,31.7,25.9,3.145,0.88,2.8
"158","M2206APCQJH318",137.4,0,29,125,-2.36,137.4,166.4,233.3,31.7,25.9,3.145,0.88,2.8
"159","M2206APHJSH335",137.4,0,29,125,-2.36,137.4,166.4,233.3,31.7,25.9,3.145,0.88,2.8
"160","M2206APHXSH341",137.4,0,29,125,-2.36,137.4,166.4,233.3,31.7,25.9,3.145,0.88,2.8
"161","M2206APHJSH333",137.4,0,29,125,-2.36,137.4,166.4,233.3,31.7,25.9,3.145,0.88,2.8
"162","M2206APHJSH328",137.4,0,29,125,-2.36,137.4,166.4,233.3,31.7,25.9,3.145,0.88,2.8
"163","M2206APHXSH340",137.4,0,29,125,-2.36,137.4,166.4,233.3,31.7,25.9,3.145,0.88,2.8
"164","M2206APHJSH334",137.4,0,29,125,-2.36,137.4,166.4,233.3,31.7,25.9,3.145,0.88,2.8
"165","M2206APCQJH321",137.4,0,29,125,-2.36,137.4,166.4,233.3,31.7,25.9,3.145,0.88,2.8
"166","M2206APCQJH319",137.4,0,29,125,-2.36,137.4,166.4,233.3,31.7,25.9,3.145,0.88,2.8
"167","M2206APHJSH332",137.4,0,29,125,-2.36,137.4,166.4,233.3,31.7,25.9,3.145,0.88,2.8
"168","M2206APHJSH329",137.4,0,29,125,-2.36,137.4,166.4,233.3,31.7,25.9,3.145,0.88,2.8
"169","M2206APCQJH317",137.4,0,29,125,-2.36,137.4,166.4,233.3,31.7,25.9,3.145,0.88,2.8
"170","M2206APHJSH331",137.4,0,29,125,-2.36,137.4,166.4,233.3,31.7,25.9,3.145,0.88,2.8
"171","M2206APHJSH330",137.4,0,29,125,-2.36,137.4,166.4,233.3,31.7,25.9,3.145,0.88,2.8
"172","M2207APHJSH859",153,0,127.9,125,-1.77,153,280.9,245.5,32.7,26.6,3.28,0.96,2.5
"173","M2207APHJSH858",153,0,127.9,125,-1.77,153,280.9,245.5,32.7,26.6,3.28,0.96,2.5
"174","M2204APHXSH270",79.8,29.7,3.1,45,-2.02,109.6,62.5,215.1,25.6,19.7,2.153,0.65,2.1
"175","M2204APCQJH242",79.8,29.7,3.1,45,-2.02,109.6,62.5,215.1,25.6,19.7,2.153,0.65,2.1
"176","M2204APHXSH269",79.8,29.7,3.1,45,-2.02,109.6,62.5,215.1,25.6,19.7,2.153,0.65,2.1
"177","M2204APHJSH255",79.8,29.7,3.1,45,-2.02,109.6,62.5,215.1,25.6,19.7,2.153,0.65,2.1
"178","M2204APHXSH268",79.8,29.7,3.1,45,-2.02,109.6,62.5,215.1,25.6,19.7,2.153,0.65,2.1
"179","M2204APHJSH257",79.8,29.7,3.1,45,-2.02,109.6,62.5,215.1,25.6,19.7,2.153,0.65,2.1
"180","M2204APCQJH246",79.8,29.7,3.1,45,-2.02,109.6,62.5,215.1,25.6,19.7,2.153,0.65,2.1
"181","M2204APHXSH266",79.8,29.7,3.1,45,-2.02,109.6,62.5,215.1,25.6,19.7,2.153,0.65,2.1
"182","M2204APCQJH243",79.8,29.7,3.1,45,-2.02,109.6,62.5,215.1,25.6,19.7,2.153,0.65,2.1
"183","M2204APHXSH271",79.8,29.7,3.1,45,-2.02,109.6,62.5,215.1,25.6,19.7,2.153,0.65,2.1
"184","M2204APHXSH267",79.8,29.7,3.1,45,-2.02,109.6,62.5,215.1,25.6,19.7,2.153,0.65,2.1
"185","M2204APCQJH241",79.8,29.7,3.1,45,-2.02,109.6,62.5,215.1,25.6,19.7,2.153,0.65,2.1
"186","M2204APHJSH253",79.8,29.7,3.1,45,-2.02,109.6,62.5,215.1,25.6,19.7,2.153,0.65,2.1
"187","M2204APCQJH245",79.8,29.7,3.1,45,-2.02,109.6,62.5,215.1,25.6,19.7,2.153,0.65,2.1
"188","M2204APHJSH254",79.8,29.7,3.1,45,-2.02,109.6,62.5,215.1,25.6,19.7,2.153,0.65,2.1
"189","M2204APHJSH256",79.8,29.7,3.1,45,-2.02,109.6,62.5,215.1,25.6,19.7,2.153,0.65,2.1
"190","M2204APBCSW281",78,31.7,3.1,39.4,-2.02,109.7,61.2,214.9,25.5,19.8,2.145,0.65,2.1
"191","M2204APBCSW280",78,31.7,3.1,39.4,-2.02,109.7,61.2,214.9,25.5,19.8,2.145,0.65,2.1
"192","M2204APBCSW279",78,31.7,3.1,39.4,-2.02,109.7,61.2,214.9,25.5,19.8,2.145,0.65,2.1
"193","M2204APBCSW278",78,31.7,3.1,39.4,-2.02,109.7,61.2,214.9,25.5,19.8,2.145,0.65,2.1
"194","M2207ZJBCSW381",153.3,0,208.3,124.8,-1.04,153.3,361.6,246.3,32.7,26.6,3.348,0.89,2.8
"195","M2207ZJBCSW380",153.3,0,208.3,124.8,-1.04,153.3,361.6,246.3,32.7,26.6,3.348,0.89,2.8
"196","M2204ZJBCSW231",79.1,31,3.2,39.6,-1.65,110.1,63.6,214.7,25.6,20.2,2.217,0.62,2.4
"197","M2204ZJBCSW229",79.1,31,3.2,39.6,-1.65,110.1,63.6,214.7,25.6,20.2,2.217,0.62,2.4
"198","M2204ZJHMSW216",79.1,31,3.2,39.6,-1.65,110.1,63.6,214.7,25.6,20.2,2.217,0.62,2.4
"199","M2204ZJHMSW217",79.1,31,3.2,39.6,-1.65,110.1,63.6,214.7,25.6,20.2,2.217,0.62,2.4
"200","M2204ZJHMSW214",79.1,31,3.2,39.6,-1.65,110.1,63.6,214.7,25.6,20.2,2.217,0.62,2.4
"201","M2204ZJBCSW227",79.1,31,3.2,39.6,-1.65,110.1,63.6,214.7,25.6,20.2,2.217,0.62,2.4
"202","M2204ZJBCSW230",79.1,31,3.2,39.6,-1.65,110.1,63.6,214.7,25.6,20.2,2.217,0.62,2.4
"203","M2204ZJHJSW211",79.1,31,3.2,39.6,-1.65,110.1,63.6,214.7,25.6,20.2,2.217,0.62,2.4
"204","M2204ZJBCSW223",79.1,31,3.2,39.6,-1.65,110.1,63.6,214.7,25.6,20.2,2.217,0.62,2.4
"205","M2204ZJBCSW224",79.1,31,3.2,39.6,-1.65,110.1,63.6,214.7,25.6,20.2,2.217,0.62,2.4
"206","M2204ZJBCSW225",79.1,31,3.2,39.6,-1.65,110.1,63.6,214.7,25.6,20.2,2.217,0.62,2.4
"207","M2204ZJBCSW228",79.1,31,3.2,39.6,-1.65,110.1,63.6,214.7,25.6,20.2,2.217,0.62,2.4
"208","M2204ZJHMSW215",79.1,31,3.2,39.6,-1.65,110.1,63.6,214.7,25.6,20.2,2.217,0.62,2.4
"209","M2204ZJHMSW239",79.1,31,3.2,39.6,-1.65,110.1,63.6,214.7,25.6,20.2,2.217,0.62,2.4
"210","M2204ZJHMSW219",79.1,31,3.2,39.6,-1.65,110.1,63.6,214.7,25.6,20.2,2.217,0.62,2.4
"211","M2204ZJWDSW213",79.1,31,3.2,39.6,-1.65,110.1,63.6,214.7,25.6,20.2,2.217,0.62,2.4
"212","M2204ZJQMSW212",79.1,31,3.2,39.6,-1.65,110.1,63.6,214.7,25.6,20.2,2.217,0.62,2.4
"213","M2204ZJBCSW233",79.1,31,3.2,39.6,-1.65,110.1,63.6,214.7,25.6,20.2,2.217,0.62,2.4
"214","M2204ZJBCSW235",79.1,31,3.2,39.6,-1.65,110.1,63.6,214.7,25.6,20.2,2.217,0.62,2.4
"215","M2204ZJHMSW221",79.1,31,3.2,39.6,-1.65,110.1,63.6,214.7,25.6,20.2,2.217,0.62,2.4
"216","M2204ZJBCSW237",79.1,31,3.2,39.6,-1.65,110.1,63.6,214.7,25.6,20.2,2.217,0.62,2.4
"217","M2204ZJBCSW234",79.1,31,3.2,39.6,-1.65,110.1,63.6,214.7,25.6,20.2,2.217,0.62,2.4
"218","M2204ZJBCSW232",79.1,31,3.2,39.6,-1.65,110.1,63.6,214.7,25.6,20.2,2.217,0.62,2.4
"219","M2204ZJHMSW220",79.1,31,3.2,39.6,-1.65,110.1,63.6,214.7,25.6,20.2,2.217,0.62,2.4
"220","M2204ZJHMSW240",79.1,31,3.2,39.6,-1.65,110.1,63.6,214.7,25.6,20.2,2.217,0.62,2.4
"221","M2204ZJHMSW238",79.1,31,3.2,39.6,-1.65,110.1,63.6,214.7,25.6,20.2,2.217,0.62,2.4
"222","M2204ZJBCSW236",79.1,31,3.2,39.6,-1.65,110.1,63.6,214.7,25.6,20.2,2.217,0.62,2.4
"223","M2204ZJHMSW222",79.1,31,3.2,39.6,-1.65,110.1,63.6,214.7,25.6,20.2,2.217,0.62,2.4
"224","M2211ZJHMSW435",57.5,23.2,1.8,63.4,-1.65,80.7,35.5,141.6,26.9,19.9,2.271,0.68,2.3
"225","M2211ZJHXSW431",57.5,23.2,1.8,63.4,-1.65,80.7,35.5,141.6,26.9,19.9,2.271,0.68,2.3
"226","M2211ZJHMSW434",57.5,23.2,1.8,63.4,-1.65,80.7,35.5,141.6,26.9,19.9,2.271,0.68,2.3
"227","M2211ZJHMSW433",57.5,23.2,1.8,63.4,-1.65,80.7,35.5,141.6,26.9,19.9,2.271,0.68,2.3
"228","M2211ZJHXSW432",57.5,23.2,1.8,63.4,-1.65,80.7,35.5,141.6,26.9,19.9,2.271,0.68,2.3
"229","M2211ZJBCSW430",57.5,23.2,1.8,63.4,-1.65,80.7,35.5,141.6,26.9,19.9,2.271,0.68,2.3
"230","M2201ZJHMSW166",34.6,27.6,1.2,31,-2.08,62.2,24.6,134.2,19.9,14.4,1.608,0.38,2.9
"231","M2201ZJBCSW157",34.6,27.6,1.2,31,-2.08,62.2,24.6,134.2,19.9,14.4,1.608,0.38,2.9
"232","M2201ZJHMSW161",34.6,27.6,1.2,31,-2.08,62.2,24.6,134.2,19.9,14.4,1.608,0.38,2.9
"233","M2201ZJHMSW164",34.6,27.6,1.2,31,-2.08,62.2,24.6,134.2,19.9,14.4,1.608,0.38,2.9
"234","M2201ZJHMSW165",34.6,27.6,1.2,31,-2.08,62.2,24.6,134.2,19.9,14.4,1.608,0.38,2.9
"235","M2201ZJBCSW156",34.6,27.6,1.2,31,-2.08,62.2,24.6,134.2,19.9,14.4,1.608,0.38,2.9
"236","M2201ZJBCSW159",34.6,27.6,1.2,31,-2.08,62.2,24.6,134.2,19.9,14.4,1.608,0.38,2.9
"237","M2201ZJHMSW167",34.6,27.6,1.2,31,-2.08,62.2,24.6,134.2,19.9,14.4,1.608,0.38,2.9
"238","M2201ZJHMSW162",34.6,27.6,1.2,31,-2.08,62.2,24.6,134.2,19.9,14.4,1.608,0.38,2.9
"239","M2201ZJHMSW170",34.6,27.6,1.2,31,-2.08,62.2,24.6,134.2,19.9,14.4,1.608,0.38,2.9
"240","M2201ZJBCSW153",34.6,27.6,1.2,31,-2.08,62.2,24.6,134.2,19.9,14.4,1.608,0.38,2.9
"241","M2201ZJHMSW163",34.6,27.6,1.2,31,-2.08,62.2,24.6,134.2,19.9,14.4,1.608,0.38,2.9
"242","M2201ZJBCSW155",34.6,27.6,1.2,31,-2.08,62.2,24.6,134.2,19.9,14.4,1.608,0.38,2.9
"243","M2201ZJBCSW154",34.6,27.6,1.2,31,-2.08,62.2,24.6,134.2,19.9,14.4,1.608,0.38,2.9
"244","M2201ZJBCSW158",34.6,27.6,1.2,31,-2.08,62.2,24.6,134.2,19.9,14.4,1.608,0.38,2.9
"245","M2201ZJBCSW152",34.6,27.6,1.2,31,-2.08,62.2,24.6,134.2,19.9,14.4,1.608,0.38,2.9
"246","M2201ZJHMSW169",34.6,27.6,1.2,31,-2.08,62.2,24.6,134.2,19.9,14.4,1.608,0.38,2.9
"247","M2206ZJBCSW366",140.9,0,41.6,123.5,-1.81,140.9,182.5,239.2,31.8,26,3.176,0.88,3
"248","M2206ZJBCSW365",140.9,0,41.6,123.5,-1.81,140.9,182.5,239.2,31.8,26,3.176,0.88,3
"249","M2207ZJBCSH860",152,0,297.3,134.4,1.51,152,449.3,242.9,32.7,26.2,3.333,0.86,3.1
"250","M2207ZJBCSH861",152,0,297.3,134.4,1.51,152,449.3,242.9,32.7,26.2,3.333,0.86,3.1
"251","M2301ZJHXSH840",47.6,24.6,1.8,43.7,0.81,72.2,36.6,135.8,18.6,13.2,1.35,0.49,3
"252","M2301ZJHXSH841",47.6,24.6,1.8,43.7,0.81,72.2,36.6,135.8,18.6,13.2,1.35,0.49,3
"253","M2301ZJHMSW830",47.6,24.6,1.8,43.7,0.81,72.2,36.6,135.8,18.6,13.2,1.35,0.49,3
"254","M2301ZJHMSW827",47.6,24.6,1.8,43.7,0.81,72.2,36.6,135.8,18.6,13.2,1.35,0.49,3
"255","M2301ZJBCSW820",47.6,24.6,1.8,43.7,0.81,72.2,36.6,135.8,18.6,13.2,1.35,0.49,3
"256","M2301ZJHXSH838",47.6,24.6,1.8,43.7,0.81,72.2,36.6,135.8,18.6,13.2,1.35,0.49,3
"257","M2301ZJHXSH835",47.6,24.6,1.8,43.7,0.81,72.2,36.6,135.8,18.6,13.2,1.35,0.49,3
"258","M2301ZJHMSW831",47.6,24.6,1.8,43.7,0.81,72.2,36.6,135.8,18.6,13.2,1.35,0.49,3
"259","M2301ZJHXSH837",47.6,24.6,1.8,43.7,0.81,72.2,36.6,135.8,18.6,13.2,1.35,0.49,3
"260","M2301ZJBCSW818",47.6,24.6,1.8,43.7,0.81,72.2,36.6,135.8,18.6,13.2,1.35,0.49,3
"261","M2301ZJHJSH851",47.6,24.6,1.8,43.7,0.81,72.2,36.6,135.8,18.6,13.2,1.35,0.49,3
"262","M2301ZJHMSW829",47.6,24.6,1.8,43.7,0.81,72.2,36.6,135.8,18.6,13.2,1.35,0.49,3
"263","M2301ZJHJSH843",47.6,24.6,1.8,43.7,0.81,72.2,36.6,135.8,18.6,13.2,1.35,0.49,3
"264","M2301ZJHXSH833",47.6,24.6,1.8,43.7,0.81,72.2,36.6,135.8,18.6,13.2,1.35,0.49,3
"265","M2301ZJCQJH811",47.6,24.6,1.8,43.7,0.81,72.2,36.6,135.8,18.6,13.2,1.35,0.49,3
"266","M2301ZJHXSH832",47.6,24.6,1.8,43.7,0.81,72.2,36.6,135.8,18.6,13.2,1.35,0.49,3
"267","M2301ZJHJSH848",47.6,24.6,1.8,43.7,0.81,72.2,36.6,135.8,18.6,13.2,1.35,0.49,3
"268","M2301ZJHXSH834",47.6,24.6,1.8,43.7,0.81,72.2,36.6,135.8,18.6,13.2,1.35,0.49,3
"269","M2301ZJHJSH847",47.6,24.6,1.8,43.7,0.81,72.2,36.6,135.8,18.6,13.2,1.35,0.49,3
"270","M2301ZJHJSH850",47.6,24.6,1.8,43.7,0.81,72.2,36.6,135.8,18.6,13.2,1.35,0.49,3
"271","M2301ZJHXSH839",47.6,24.6,1.8,43.7,0.81,72.2,36.6,135.8,18.6,13.2,1.35,0.49,3
"272","M2301ZJBCSW817",47.6,24.6,1.8,43.7,0.81,72.2,36.6,135.8,18.6,13.2,1.35,0.49,3
"273","M2301ZJHMSW828",47.6,24.6,1.8,43.7,0.81,72.2,36.6,135.8,18.6,13.2,1.35,0.49,3
"274","M2301ZJHJSH846",47.6,24.6,1.8,43.7,0.81,72.2,36.6,135.8,18.6,13.2,1.35,0.49,3
"275","M2301ZJBCSW816",47.6,24.6,1.8,43.7,0.81,72.2,36.6,135.8,18.6,13.2,1.35,0.49,3
"276","M2204ZJCQJH207",78.8,30.8,3.1,40.5,-1.64,109.5,62.3,214.8,25.6,20.1,2.203,0.63,2.2
"277","M2204ZJCQJH201",78.8,30.8,3.1,40.5,-1.64,109.5,62.3,214.8,25.6,20.1,2.203,0.63,2.2
"278","M2204ZJCQJH204",78.8,30.8,3.1,40.5,-1.64,109.5,62.3,214.8,25.6,20.1,2.203,0.63,2.2
"279","M2204ZJHXSH193",78.8,30.8,3.1,40.5,-1.64,109.5,62.3,214.8,25.6,20.1,2.203,0.63,2.2
"280","M2204ZJHJSH185",78.8,30.8,3.1,40.5,-1.64,109.5,62.3,214.8,25.6,20.1,2.203,0.63,2.2
"281","M2204ZJCQJH209",78.8,30.8,3.1,40.5,-1.64,109.5,62.3,214.8,25.6,20.1,2.203,0.63,2.2
"282","M2204ZJHXSH194",78.8,30.8,3.1,40.5,-1.64,109.5,62.3,214.8,25.6,20.1,2.203,0.63,2.2
"283","M2204ZJHJSH183",78.8,30.8,3.1,40.5,-1.64,109.5,62.3,214.8,25.6,20.1,2.203,0.63,2.2
"284","M2204ZJCQJH199",78.8,30.8,3.1,40.5,-1.64,109.5,62.3,214.8,25.6,20.1,2.203,0.63,2.2
"285","M2204ZJHXSH189",78.8,30.8,3.1,40.5,-1.64,109.5,62.3,214.8,25.6,20.1,2.203,0.63,2.2
"286","M2204ZJCQJH196",78.8,30.8,3.1,40.5,-1.64,109.5,62.3,214.8,25.6,20.1,2.203,0.63,2.2
"287","M2204ZJCQJH203",78.8,30.8,3.1,40.5,-1.64,109.5,62.3,214.8,25.6,20.1,2.203,0.63,2.2
"288","M2204ZJHXSH191",78.8,30.8,3.1,40.5,-1.64,109.5,62.3,214.8,25.6,20.1,2.203,0.63,2.2
"289","M2204ZJCQJH197",78.8,30.8,3.1,40.5,-1.64,109.5,62.3,214.8,25.6,20.1,2.203,0.63,2.2
"290","M2204ZJHXSH195",78.8,30.8,3.1,40.5,-1.64,109.5,62.3,214.8,25.6,20.1,2.203,0.63,2.2
"291","M2204ZJHJSH184",78.8,30.8,3.1,40.5,-1.64,109.5,62.3,214.8,25.6,20.1,2.203,0.63,2.2
"292","M2204ZJHXSH187",78.8,30.8,3.1,40.5,-1.64,109.5,62.3,214.8,25.6,20.1,2.203,0.63,2.2
"293","M2204ZJHXSH190",78.8,30.8,3.1,40.5,-1.64,109.5,62.3,214.8,25.6,20.1,2.203,0.63,2.2
"294","M2204ZJHXSH188",78.8,30.8,3.1,40.5,-1.64,109.5,62.3,214.8,25.6,20.1,2.203,0.63,2.2
"295","M2204ZJHJSH186",78.8,30.8,3.1,40.5,-1.64,109.5,62.3,214.8,25.6,20.1,2.203,0.63,2.2
"296","M2204ZJHXSH192",78.8,30.8,3.1,40.5,-1.64,109.5,62.3,214.8,25.6,20.1,2.203,0.63,2.2
"297","M2204ZJCQJH206",78.8,30.8,3.1,40.5,-1.64,109.5,62.3,214.8,25.6,20.1,2.203,0.63,2.2
"298","M2204ZJCQJH210",78.8,30.8,3.1,40.5,-1.64,109.5,62.3,214.8,25.6,20.1,2.203,0.63,2.2
"299","M2210ZJHMSW426",115.4,21.1,4.2,85.3,-1.76,136.5,83.6,218.8,27.8,21.1,2.002,1.13,2.9
"300","M2210ZJHMSW425",115.4,21.1,4.2,85.3,-1.76,136.5,83.6,218.8,27.8,21.1,2.002,1.13,2.9
"301","M2210ZJBCSW421",115.4,21.1,4.2,85.3,-1.76,136.5,83.6,218.8,27.8,21.1,2.002,1.13,2.9
"302","M2210ZJBCSW422",115.4,21.1,4.2,85.3,-1.76,136.5,83.6,218.8,27.8,21.1,2.002,1.13,2.9
"303","M2210ZJBCSW420",115.4,21.1,4.2,85.3,-1.76,136.5,83.6,218.8,27.8,21.1,2.002,1.13,2.9
"304","M2210ZJBCSW423",115.4,21.1,4.2,85.3,-1.76,136.5,83.6,218.8,27.8,21.1,2.002,1.13,2.9
"305","M2210ZJHMSW428",115.4,21.1,4.2,85.3,-1.76,136.5,83.6,218.8,27.8,21.1,2.002,1.13,2.9
"306","M2210ZJHMSW427",115.4,21.1,4.2,85.3,-1.76,136.5,83.6,218.8,27.8,21.1,2.002,1.13,2.9
"307","M2211ZJBCSW438",58.3,23.2,1.8,64.7,-1.69,81.6,35.2,140.9,27,20.1,2.262,0.71,2.3
"308","M2211ZJHMSW442",58.3,23.2,1.8,64.7,-1.69,81.6,35.2,140.9,27,20.1,2.262,0.71,2.3
"309","M2211ZJHMSW443",58.3,23.2,1.8,64.7,-1.69,81.6,35.2,140.9,27,20.1,2.262,0.71,2.3
"310","M2211ZJHMSW441",58.3,23.2,1.8,64.7,-1.69,81.6,35.2,140.9,27,20.1,2.262,0.71,2.3
"311","M2211ZJBCSW437",58.3,23.2,1.8,64.7,-1.69,81.6,35.2,140.9,27,20.1,2.262,0.71,2.3
"312","M2211ZJHMSW440",58.3,23.2,1.8,64.7,-1.69,81.6,35.2,140.9,27,20.1,2.262,0.71,2.3
"313","M2211ZJBCSW439",58.3,23.2,1.8,64.7,-1.69,81.6,35.2,140.9,27,20.1,2.262,0.71,2.3
"314","M2211ZJBCSW436",58.3,23.2,1.8,64.7,-1.69,81.6,35.2,140.9,27,20.1,2.262,0.71,2.3
"315","M2204APBCSW289",81.9,28.5,3,56.7,-2.06,110.4,59.6,216,25.7,19.7,2.115,0.7,1.9
"316","M2204APBCSW292",81.9,28.5,3,56.7,-2.06,110.4,59.6,216,25.7,19.7,2.115,0.7,1.9
"317","M2204APBCSW291",81.9,28.5,3,56.7,-2.06,110.4,59.6,216,25.7,19.7,2.115,0.7,1.9
"318","M2204APHMSW296",81.9,28.5,3,56.7,-2.06,110.4,59.6,216,25.7,19.7,2.115,0.7,1.9
"319","M2204APHMSW295",81.9,28.5,3,56.7,-2.06,110.4,59.6,216,25.7,19.7,2.115,0.7,1.9
"320","M2204APHMSW294",81.9,28.5,3,56.7,-2.06,110.4,59.6,216,25.7,19.7,2.115,0.7,1.9
"321","M2204APBCSW288",81.9,28.5,3,56.7,-2.06,110.4,59.6,216,25.7,19.7,2.115,0.7,1.9
"322","M2204APBCSW287",81.9,28.5,3,56.7,-2.06,110.4,59.6,216,25.7,19.7,2.115,0.7,1.9
"323","M2204APHMSW293",81.9,28.5,3,56.7,-2.06,110.4,59.6,216,25.7,19.7,2.115,0.7,1.9
"324","M2204APBCSW286",81.9,28.5,3,56.7,-2.06,110.4,59.6,216,25.7,19.7,2.115,0.7,1.9
"325","M2204APBCSW290",81.9,28.5,3,56.7,-2.06,110.4,59.6,216,25.7,19.7,2.115,0.7,1.9
"326","M2112ZJWDSW118",49.5,35.5,1.2,41.4,-2.04,85,24.9,148.3,21.1,14.2,1.303,0.76,2.5
"327","M2112ZJBCSW123",49.5,35.5,1.2,41.4,-2.04,85,24.9,148.3,21.1,14.2,1.303,0.76,2.5
"328","M2112ZJBCSW124",49.5,35.5,1.2,41.4,-2.04,85,24.9,148.3,21.1,14.2,1.303,0.76,2.5
"329","M2112ZJWDSW117",49.5,35.5,1.2,41.4,-2.04,85,24.9,148.3,21.1,14.2,1.303,0.76,2.5
"330","M2112ZJHMSW127",49.5,35.5,1.2,41.4,-2.04,85,24.9,148.3,21.1,14.2,1.303,0.76,2.5
"331","M2112ZJHMSW128",49.5,35.5,1.2,41.4,-2.04,85,24.9,148.3,21.1,14.2,1.303,0.76,2.5
"332","M2112ZJBCSW119",49.5,35.5,1.2,41.4,-2.04,85,24.9,148.3,21.1,14.2,1.303,0.76,2.5
"333","M2112ZJBCSW122",49.5,35.5,1.2,41.4,-2.04,85,24.9,148.3,21.1,14.2,1.303,0.76,2.5
"334","M2112ZJBCSW120",49.5,35.5,1.2,41.4,-2.04,85,24.9,148.3,21.1,14.2,1.303,0.76,2.5
"335","M2112ZJHJSW115",49.5,35.5,1.2,41.4,-2.04,85,24.9,148.3,21.1,14.2,1.303,0.76,2.5
"336","M2112ZJHMSW126",49.5,35.5,1.2,41.4,-2.04,85,24.9,148.3,21.1,14.2,1.303,0.76,2.5
"337","M2112ZJBCSW121",49.5,35.5,1.2,41.4,-2.04,85,24.9,148.3,21.1,14.2,1.303,0.76,2.5
"338","M2112ZJHJSW114",49.5,35.5,1.2,41.4,-2.04,85,24.9,148.3,21.1,14.2,1.303,0.76,2.5
"339","M2112ZJWDSW116",49.5,35.5,1.2,41.4,-2.04,85,24.9,148.3,21.1,14.2,1.303,0.76,2.5
"340","M2206ZJWDSW372",137.4,0,53.4,122.9,-1.83,137.4,190.8,236.3,31.6,26.1,3.171,0.87,2.6
"341","M2206ZJWDSW376",137.4,0,53.4,122.9,-1.83,137.4,190.8,236.3,31.6,26.1,3.171,0.87,2.6
"342","M2206ZJHMSW371",137.4,0,53.4,122.9,-1.83,137.4,190.8,236.3,31.6,26.1,3.171,0.87,2.6
"343","M2206ZJBCSW369",137.4,0,53.4,122.9,-1.83,137.4,190.8,236.3,31.6,26.1,3.171,0.87,2.6
"344","M2206ZJWDSW373",137.4,0,53.4,122.9,-1.83,137.4,190.8,236.3,31.6,26.1,3.171,0.87,2.6
"345","M2206ZJBCSW370",137.4,0,53.4,122.9,-1.83,137.4,190.8,236.3,31.6,26.1,3.171,0.87,2.6
"346","M2301ZJHMSW824",49.9,24.8,1.5,70.2,1.73,74.7,29,136.2,19.5,14.4,1.454,0.51,3.1
"347","M2301ZJBCSW815",49.9,24.8,1.5,70.2,1.73,74.7,29,136.2,19.5,14.4,1.454,0.51,3.1
"348","M2301ZJHMSW826",49.9,24.8,1.5,70.2,1.73,74.7,29,136.2,19.5,14.4,1.454,0.51,3.1
"349","M2301ZJHMSW854",49.9,24.8,1.5,70.2,1.73,74.7,29,136.2,19.5,14.4,1.454,0.51,3.1
"350","M2301ZJHJSH842",49.9,24.8,1.5,70.2,1.73,74.7,29,136.2,19.5,14.4,1.454,0.51,3.1
"351","M2301ZJHMSW825",49.9,24.8,1.5,70.2,1.73,74.7,29,136.2,19.5,14.4,1.454,0.51,3.1
"352","M2301ZJHMSW083",49.9,24.8,1.5,70.2,1.73,74.7,29,136.2,19.5,14.4,1.454,0.51,3.1
"353","M2301ZJBCSW814",49.9,24.8,1.5,70.2,1.73,74.7,29,136.2,19.5,14.4,1.454,0.51,3.1
"354","M2210ZJBCSW415",115.4,21.1,4.2,85.3,-1.76,136.5,83.6,218.8,27.8,21.1,2.002,1.13,2.9
"355","M2210ZJQMSW424",115.4,21.1,4.2,85.3,-1.76,136.5,83.6,218.8,27.8,21.1,2.002,1.13,2.9
"356","M2210ZJHMSW416",115.4,21.1,4.2,85.3,-1.76,136.5,83.6,218.8,27.8,21.1,2.002,1.13,2.9
"357","M2210ZJHMSW417",115.4,21.1,4.2,85.3,-1.76,136.5,83.6,218.8,27.8,21.1,2.002,1.13,2.9
"358","M2210ZJHMSW418",115.4,21.1,4.2,85.3,-1.76,136.5,83.6,218.8,27.8,21.1,2.002,1.13,2.9
"359","M2207ZJHJSW377",152.4,0,123.3,122,-1.44,152.4,275.7,242.9,32.6,26.7,3.279,0.96,2.6
"360","M2207ZJHMSW390",152.4,0,123.3,122,-1.44,152.4,275.7,242.9,32.6,26.7,3.279,0.96,2.6
"361","M2207ZJHMSW387",152.4,0,123.3,122,-1.44,152.4,275.7,242.9,32.6,26.7,3.279,0.96,2.6
"362","M2207ZJHMSW389",152.4,0,123.3,122,-1.44,152.4,275.7,242.9,32.6,26.7,3.279,0.96,2.6
"363","M2207ZJHMSW388",152.4,0,123.3,122,-1.44,152.4,275.7,242.9,32.6,26.7,3.279,0.96,2.6
"364","M2211ZJCQJH448",58.3,23.2,1.8,64.7,-1.69,81.6,35.2,140.9,27,20.1,2.262,0.71,2.3
"365","M2211ZJHJSH456",58.3,23.2,1.8,64.7,-1.69,81.6,35.2,140.9,27,20.1,2.262,0.71,2.3
"366","M2211ZJHJSH454",58.3,23.2,1.8,64.7,-1.69,81.6,35.2,140.9,27,20.1,2.262,0.71,2.3
"367","M2211ZJHXSH452",58.3,23.2,1.8,64.7,-1.69,81.6,35.2,140.9,27,20.1,2.262,0.71,2.3
"368","M2211ZJCQJH447",58.3,23.2,1.8,64.7,-1.69,81.6,35.2,140.9,27,20.1,2.262,0.71,2.3
"369","M2211ZJCQJH457",58.3,23.2,1.8,64.7,-1.69,81.6,35.2,140.9,27,20.1,2.262,0.71,2.3
"370","M2211ZJHJSH453",58.3,23.2,1.8,64.7,-1.69,81.6,35.2,140.9,27,20.1,2.262,0.71,2.3
"371","M2211ZJHXSH451",58.3,23.2,1.8,64.7,-1.69,81.6,35.2,140.9,27,20.1,2.262,0.71,2.3
"372","M2211ZJHXSH450",58.3,23.2,1.8,64.7,-1.69,81.6,35.2,140.9,27,20.1,2.262,0.71,2.3
"373","M2211ZJCQJH446",58.3,23.2,1.8,64.7,-1.69,81.6,35.2,140.9,27,20.1,2.262,0.71,2.3
"374","M2211ZJHJSH455",58.3,23.2,1.8,64.7,-1.69,81.6,35.2,140.9,27,20.1,2.262,0.71,2.3
"375","M2211ZJHXSH449",58.3,23.2,1.8,64.7,-1.69,81.6,35.2,140.9,27,20.1,2.262,0.71,2.3
"376","M2211ZJHJSH445",58.3,23.2,1.8,64.7,-1.69,81.6,35.2,140.9,27,20.1,2.262,0.71,2.3
"377","M2211ZJHJSH444",58.3,23.2,1.8,64.7,-1.69,81.6,35.2,140.9,27,20.1,2.262,0.71,2.3
"378","M2112ZJHXSH139",49.5,35.5,1.2,41.4,-2.04,85,24.9,148.3,21.1,14.2,1.303,0.76,2.5
"379","M2112ZJHXSH140",49.5,35.5,1.2,41.4,-2.04,85,24.9,148.3,21.1,14.2,1.303,0.76,2.5
"380","M2112ZJHXSH141",49.5,35.5,1.2,41.4,-2.04,85,24.9,148.3,21.1,14.2,1.303,0.76,2.5
"381","M2112ZJHXSH137",49.5,35.5,1.2,41.4,-2.04,85,24.9,148.3,21.1,14.2,1.303,0.76,2.5
"382","M2112ZJHXSH143",49.5,35.5,1.2,41.4,-2.04,85,24.9,148.3,21.1,14.2,1.303,0.76,2.5
"383","M2112ZJHXSH138",49.5,35.5,1.2,41.4,-2.04,85,24.9,148.3,21.1,14.2,1.303,0.76,2.5
"384","M2112ZJHXSH144",49.5,35.5,1.2,41.4,-2.04,85,24.9,148.3,21.1,14.2,1.303,0.76,2.5
"385","M2112ZJHXSH145",49.5,35.5,1.2,41.4,-2.04,85,24.9,148.3,21.1,14.2,1.303,0.76,2.5
"386","M2112ZJHXSH146",49.5,35.5,1.2,41.4,-2.04,85,24.9,148.3,21.1,14.2,1.303,0.76,2.5
"387","M2112ZJHJSH135",49.5,35.5,1.2,41.4,-2.04,85,24.9,148.3,21.1,14.2,1.303,0.76,2.5
"388","M2112ZJHXSH148",49.5,35.5,1.2,41.4,-2.04,85,24.9,148.3,21.1,14.2,1.303,0.76,2.5
"389","M2112ZJHXSH147",49.5,35.5,1.2,41.4,-2.04,85,24.9,148.3,21.1,14.2,1.303,0.76,2.5
"390","M2201ZJHJSH179",34.4,30.3,1.2,29.7,-2.04,64.7,23.7,134.9,20.2,14.7,1.605,0.42,2.9
"391","M2201ZJHJSH176",34.4,30.3,1.2,29.7,-2.04,64.7,23.7,134.9,20.2,14.7,1.605,0.42,2.9
"392","M2201ZJHJSH174",34.4,30.3,1.2,29.7,-2.04,64.7,23.7,134.9,20.2,14.7,1.605,0.42,2.9
"393","M2201ZJHJSH175",34.4,30.3,1.2,29.7,-2.04,64.7,23.7,134.9,20.2,14.7,1.605,0.42,2.9
"394","M2201ZJHXSH181",34.4,30.3,1.2,29.7,-2.04,64.7,23.7,134.9,20.2,14.7,1.605,0.42,2.9
"395","M2201ZJHJSH177",34.4,30.3,1.2,29.7,-2.04,64.7,23.7,134.9,20.2,14.7,1.605,0.42,2.9
"396","M2201ZJHXSH180",34.4,30.3,1.2,29.7,-2.04,64.7,23.7,134.9,20.2,14.7,1.605,0.42,2.9
"397","M2210ZJHJSH392",115.6,20.4,4.2,88.7,-1.58,136,84.8,217.2,27.8,21.3,2.021,1.13,2.9
"398","M2210ZJHJSH399",115.6,20.4,4.2,88.7,-1.58,136,84.8,217.2,27.8,21.3,2.021,1.13,2.9
"399","M2210ZJHXSH405",115.6,20.4,4.2,88.7,-1.58,136,84.8,217.2,27.8,21.3,2.021,1.13,2.9
"400","M2210ZJHJSH393",115.6,20.4,4.2,88.7,-1.58,136,84.8,217.2,27.8,21.3,2.021,1.13,2.9
"401","M2112ZJHJSH133",49.5,35.5,1.2,41.4,-2.04,85,24.9,148.3,21.1,14.2,1.303,0.76,2.5
"402","M2112ZJCQJH150",49.5,35.5,1.2,41.4,-2.04,85,24.9,148.3,21.1,14.2,1.303,0.76,2.5
"403","M2112ZJHJSH129",49.5,35.5,1.2,41.4,-2.04,85,24.9,148.3,21.1,14.2,1.303,0.76,2.5
"404","M2112ZJCQJH151",49.5,35.5,1.2,41.4,-2.04,85,24.9,148.3,21.1,14.2,1.303,0.76,2.5
"405","M2112ZJCQJH149",49.5,35.5,1.2,41.4,-2.04,85,24.9,148.3,21.1,14.2,1.303,0.76,2.5
"406","M2112ZJHJSH132",49.5,35.5,1.2,41.4,-2.04,85,24.9,148.3,21.1,14.2,1.303,0.76,2.5
"407","M2112ZJHJSH134",49.5,35.5,1.2,41.4,-2.04,85,24.9,148.3,21.1,14.2,1.303,0.76,2.5
"408","M2112ZJHJSH130",49.5,35.5,1.2,41.4,-2.04,85,24.9,148.3,21.1,14.2,1.303,0.76,2.5
"409","M2206ZJHJSH347",137.4,0,58.7,122.9,-1.91,137.4,196.1,236.5,31.5,26.1,3.186,0.84,2.8
"410","M2206ZJCQJH342",137.4,0,58.7,122.9,-1.91,137.4,196.1,236.5,31.5,26.1,3.186,0.84,2.8
"411","M2206ZJHJSH349",137.4,0,58.7,122.9,-1.91,137.4,196.1,236.5,31.5,26.1,3.186,0.84,2.8
"412","M2206ZJHJSH348",137.4,0,58.7,122.9,-1.91,137.4,196.1,236.5,31.5,26.1,3.186,0.84,2.8
"413","M2206ZJHJSH346",137.4,0,58.7,122.9,-1.91,137.4,196.1,236.5,31.5,26.1,3.186,0.84,2.8
"414","M2206ZJCQJH344",137.4,0,58.7,122.9,-1.91,137.4,196.1,236.5,31.5,26.1,3.186,0.84,2.8
"415","M2206ZJHJSH351",137.4,0,58.7,122.9,-1.91,137.4,196.1,236.5,31.5,26.1,3.186,0.84,2.8
"416","M2204APHJSH259",80.4,29.9,2.9,49.9,-1.92,110.3,58.5,215.6,25.7,19.8,2.126,0.69,1.9
"417","M2204APHXSH272",80.4,29.9,2.9,49.9,-1.92,110.3,58.5,215.6,25.7,19.8,2.126,0.69,1.9
"418","M2204APCQJH247",80.4,29.9,2.9,49.9,-1.92,110.3,58.5,215.6,25.7,19.8,2.126,0.69,1.9
"419","M2204APHJSH262",80.4,29.9,2.9,49.9,-1.92,110.3,58.5,215.6,25.7,19.8,2.126,0.69,1.9
"420","M2204APHXSH274",80.4,29.9,2.9,49.9,-1.92,110.3,58.5,215.6,25.7,19.8,2.126,0.69,1.9
"421","M2204APCQJH248",80.4,29.9,2.9,49.9,-1.92,110.3,58.5,215.6,25.7,19.8,2.126,0.69,1.9
"422","M2204APHJSH261",80.4,29.9,2.9,49.9,-1.92,110.3,58.5,215.6,25.7,19.8,2.126,0.69,1.9
"423","M2204APHXSH276",80.4,29.9,2.9,49.9,-1.92,110.3,58.5,215.6,25.7,19.8,2.126,0.69,1.9
"424","M2204APHXSH277",80.4,29.9,2.9,49.9,-1.92,110.3,58.5,215.6,25.7,19.8,2.126,0.69,1.9
"425","M2204APCQJH252",80.4,29.9,2.9,49.9,-1.92,110.3,58.5,215.6,25.7,19.8,2.126,0.69,1.9
"426","M2204APHXSH275",80.4,29.9,2.9,49.9,-1.92,110.3,58.5,215.6,25.7,19.8,2.126,0.69,1.9
"427","M2204APCQJH249",80.4,29.9,2.9,49.9,-1.92,110.3,58.5,215.6,25.7,19.8,2.126,0.69,1.9
"428","M2204APCQJH250",80.4,29.9,2.9,49.9,-1.92,110.3,58.5,215.6,25.7,19.8,2.126,0.69,1.9
"429","M2204APHXSH273",80.4,29.9,2.9,49.9,-1.92,110.3,58.5,215.6,25.7,19.8,2.126,0.69,1.9
"430","M2204APHJSH263",80.4,29.9,2.9,49.9,-1.92,110.3,58.5,215.6,25.7,19.8,2.126,0.69,1.9
"431","M2204APCQJH251",80.4,29.9,2.9,49.9,-1.92,110.3,58.5,215.6,25.7,19.8,2.126,0.69,1.9
"432","M2204APHJSH264",80.4,29.9,2.9,49.9,-1.92,110.3,58.5,215.6,25.7,19.8,2.126,0.69,1.9
"433","M2206ZJHXSH364",140,0,51.3,121.9,-1.9,140,191.3,237,31.8,26.1,3.186,0.88,3
"434","M2206ZJHJSH360",140,0,51.3,121.9,-1.9,140,191.3,237,31.8,26.1,3.186,0.88,3
"435","M2206ZJHJSH358",140,0,51.3,121.9,-1.9,140,191.3,237,31.8,26.1,3.186,0.88,3
"436","M2206ZJHXSH361",140,0,51.3,121.9,-1.9,140,191.3,237,31.8,26.1,3.186,0.88,3
"437","M2206ZJHJSH359",140,0,51.3,121.9,-1.9,140,191.3,237,31.8,26.1,3.186,0.88,3
"438","M2206ZJHJSH355",140,0,51.3,121.9,-1.9,140,191.3,237,31.8,26.1,3.186,0.88,3
"439","M2206ZJHJSH356",140,0,51.3,121.9,-1.9,140,191.3,237,31.8,26.1,3.186,0.88,3
"440","M2206ZJHJSH354",140,0,51.3,121.9,-1.9,140,191.3,237,31.8,26.1,3.186,0.88,3
"441","M2206ZJHJSH352",140,0,51.3,121.9,-1.9,140,191.3,237,31.8,26.1,3.186,0.88,3
"442","M2210ZJHXSH419",115.2,20.7,4.2,87.5,-1.67,135.9,83.9,217.3,27.8,21.3,2.021,1.13,2.9
"443","M2211ZJHXSH429",57.9,24.3,1.7,62.2,-1.68,82.3,34.4,142.2,27,20.1,2.273,0.7,2.4
"444","M2210ZJHXSH408",115.2,20.7,4.2,87.5,-1.67,135.9,83.9,217.3,27.8,21.3,2.021,1.13,2.9
"445","M2210ZJHXSH407",115.2,20.7,4.2,87.5,-1.67,135.9,83.9,217.3,27.8,21.3,2.021,1.13,2.9
"446","M2210ZJBCSW409",115.2,20.7,4.2,87.5,-1.67,135.9,83.9,217.3,27.8,21.3,2.021,1.13,2.9
"447","M2210ZJHMSW412",115.2,20.7,4.2,87.5,-1.67,135.9,83.9,217.3,27.8,21.3,2.021,1.13,2.9
"448","M2210ZJBCSW411",115.2,20.7,4.2,87.5,-1.67,135.9,83.9,217.3,27.8,21.3,2.021,1.13,2.9
"449","M2210ZJBCSW410",115.2,20.7,4.2,87.5,-1.67,135.9,83.9,217.3,27.8,21.3,2.021,1.13,2.9
"450","M2112DBH07",55.6,36.9,1.3,56,-1.6,92.5,26.8,150.6,21.7,13.8,1.328,0.77,3.3
"451","M2112DBH19",55.6,36.9,1.3,56,-1.6,92.5,26.8,150.6,21.7,13.8,1.328,0.77,3.3
"452","M2112DBH08",55.6,36.9,1.3,56,-1.6,92.5,26.8,150.6,21.7,13.8,1.328,0.77,3.3
"453","M2112DBH06",55.6,36.9,1.3,56,-1.6,92.5,26.8,150.6,21.7,13.8,1.328,0.77,3.3
"454","M2112DBH22",55.6,36.9,1.3,56,-1.6,92.5,26.8,150.6,21.7,13.8,1.328,0.77,3.3
"455","M2112DBH05",55.6,36.9,1.3,56,-1.6,92.5,26.8,150.6,21.7,13.8,1.328,0.77,3.3
"456","M2112DBH10",55.6,36.9,1.3,56,-1.6,92.5,26.8,150.6,21.7,13.8,1.328,0.77,3.3
"457","M2112DBH21",55.6,36.9,1.3,56,-1.6,92.5,26.8,150.6,21.7,13.8,1.328,0.77,3.3
"458","M2112DBH03",55.6,36.9,1.3,56,-1.6,92.5,26.8,150.6,21.7,13.8,1.328,0.77,3.3
"459","M2112DBH23",55.6,36.9,1.3,56,-1.6,92.5,26.8,150.6,21.7,13.8,1.328,0.77,3.3
"460","M2112DBH20",55.6,36.9,1.3,56,-1.6,92.5,26.8,150.6,21.7,13.8,1.328,0.77,3.3
"461","M2112DBH02",55.6,36.9,1.3,56,-1.6,92.5,26.8,150.6,21.7,13.8,1.328,0.77,3.3
"462","M2112DBH12",55.6,36.9,1.3,56,-1.6,92.5,26.8,150.6,21.7,13.8,1.328,0.77,3.3
"463","M2112DBH04",55.6,36.9,1.3,56,-1.6,92.5,26.8,150.6,21.7,13.8,1.328,0.77,3.3
"464","M2112DBH31",55.6,36.9,1.3,56,-1.6,92.5,26.8,150.6,21.7,13.8,1.328,0.77,3.3
"465","M2112DBH32",55.6,36.9,1.3,56,-1.6,92.5,26.8,150.6,21.7,13.8,1.328,0.77,3.3
"466","M2112DBH16",55.6,36.9,1.3,56,-1.6,92.5,26.8,150.6,21.7,13.8,1.328,0.77,3.3
"467","M2112DBH17",55.6,36.9,1.3,56,-1.6,92.5,26.8,150.6,21.7,13.8,1.328,0.77,3.3
"468","M2112DBH18",55.6,36.9,1.3,56,-1.6,92.5,26.8,150.6,21.7,13.8,1.328,0.77,3.3
"469","M2112DBH11",55.6,36.9,1.3,56,-1.6,92.5,26.8,150.6,21.7,13.8,1.328,0.77,3.3
"470","M2112DBH24",55.6,36.9,1.3,56,-1.6,92.5,26.8,150.6,21.7,13.8,1.328,0.77,3.3
"471","M2112DBH25",55.6,36.9,1.3,56,-1.6,92.5,26.8,150.6,21.7,13.8,1.328,0.77,3.3
"472","M2112DBH13",55.6,36.9,1.3,56,-1.6,92.5,26.8,150.6,21.7,13.8,1.328,0.77,3.3
"473","M2112DBH30",55.6,36.9,1.3,56,-1.6,92.5,26.8,150.6,21.7,13.8,1.328,0.77,3.3
"474","M2112DBH15",55.6,36.9,1.3,56,-1.6,92.5,26.8,150.6,21.7,13.8,1.328,0.77,3.3
"475","M2112DBH27",55.6,36.9,1.3,56,-1.6,92.5,26.8,150.6,21.7,13.8,1.328,0.77,3.3
"476","M2112DBH28",55.6,36.9,1.3,56,-1.6,92.5,26.8,150.6,21.7,13.8,1.328,0.77,3.3
"477","M2112DBH14",55.6,36.9,1.3,56,-1.6,92.5,26.8,150.6,21.7,13.8,1.328,0.77,3.3
"478","M2112DBH26",55.6,36.9,1.3,56,-1.6,92.5,26.8,150.6,21.7,13.8,1.328,0.77,3.3
"479","M2112DBH29",55.6,36.9,1.3,56,-1.6,92.5,26.8,150.6,21.7,13.8,1.328,0.77,3.3
"480","M2112DBH47",52.1,35,1.1,62.7,-1.95,87,22.7,150,21.6,13.4,1.299,0.77,2.7
"481","M2112DBH49",52.1,35,1.1,62.7,-1.95,87,22.7,150,21.6,13.4,1.299,0.77,2.7
"482","M2112DBH46",52.1,35,1.1,62.7,-1.95,87,22.7,150,21.6,13.4,1.299,0.77,2.7
"483","M2112DBH48",52.1,35,1.1,62.7,-1.95,87,22.7,150,21.6,13.4,1.299,0.77,2.7
"484","M2112DBH34",52.1,35,1.1,62.7,-1.95,87,22.7,150,21.6,13.4,1.299,0.77,2.7
"485","M2112DBH35",52.1,35,1.1,62.7,-1.95,87,22.7,150,21.6,13.4,1.299,0.77,2.7
"486","M2112DBH58",52.1,35,1.1,62.7,-1.95,87,22.7,150,21.6,13.4,1.299,0.77,2.7
"487","M2112DBH33",52.1,35,1.1,62.7,-1.95,87,22.7,150,21.6,13.4,1.299,0.77,2.7
"488","M2112DBH60",52.1,35,1.1,62.7,-1.95,87,22.7,150,21.6,13.4,1.299,0.77,2.7
"489","M2112DBH61",52.1,35,1.1,62.7,-1.95,87,22.7,150,21.6,13.4,1.299,0.77,2.7
"490","M2112DBH62",52.1,35,1.1,62.7,-1.95,87,22.7,150,21.6,13.4,1.299,0.77,2.7
"491","M2112DBH45",52.1,35,1.1,62.7,-1.95,87,22.7,150,21.6,13.4,1.299,0.77,2.7
"492","M2112DBH50",52.1,35,1.1,62.7,-1.95,87,22.7,150,21.6,13.4,1.299,0.77,2.7
"493","M2112DBH51",52.1,35,1.1,62.7,-1.95,87,22.7,150,21.6,13.4,1.299,0.77,2.7
"494","M2112DBH52",52.1,35,1.1,62.7,-1.95,87,22.7,150,21.6,13.4,1.299,0.77,2.7
"495","M2112DBH63",52.1,35,1.1,62.7,-1.95,87,22.7,150,21.6,13.4,1.299,0.77,2.7
"496","M2112DBH41",52.1,35,1.1,62.7,-1.95,87,22.7,150,21.6,13.4,1.299,0.77,2.7
"497","M2112DBH42",52.1,35,1.1,62.7,-1.95,87,22.7,150,21.6,13.4,1.299,0.77,2.7
"498","M2112DBH43",52.1,35,1.1,62.7,-1.95,87,22.7,150,21.6,13.4,1.299,0.77,2.7
"499","M2112DBH44",52.1,35,1.1,62.7,-1.95,87,22.7,150,21.6,13.4,1.299,0.77,2.7
"500","M2112DBH53",52.1,35,1.1,62.7,-1.95,87,22.7,150,21.6,13.4,1.299,0.77,2.7
"501","M2112DBH36",52.1,35,1.1,62.7,-1.95,87,22.7,150,21.6,13.4,1.299,0.77,2.7
"502","M2112DBH37",52.1,35,1.1,62.7,-1.95,87,22.7,150,21.6,13.4,1.299,0.77,2.7
"503","M2112DBH38",52.1,35,1.1,62.7,-1.95,87,22.7,150,21.6,13.4,1.299,0.77,2.7
"504","M2112DBH57",52.1,35,1.1,62.7,-1.95,87,22.7,150,21.6,13.4,1.299,0.77,2.7
"505","M2112DBH54",52.1,35,1.1,62.7,-1.95,87,22.7,150,21.6,13.4,1.299,0.77,2.7
"506","M2112DBH55",52.1,35,1.1,62.7,-1.95,87,22.7,150,21.6,13.4,1.299,0.77,2.7
"507","M2112DBH56",52.1,35,1.1,62.7,-1.95,87,22.7,150,21.6,13.4,1.299,0.77,2.7
"508","M2112DBH39",52.1,35,1.1,62.7,-1.95,87,22.7,150,21.6,13.4,1.299,0.77,2.7
"509","M2112DBH40",52.1,35,1.1,62.7,-1.95,87,22.7,150,21.6,13.4,1.299,0.77,2.7
"510","M2212YFWDSW609",32.5,41.6,0.4,46.2,0.85,74.1,8.8,143.3,17.6,9,0.966,0.62,2
"511","M2212YFWDSW619",32.5,41.6,0.4,46.2,0.85,74.1,8.8,143.3,17.6,9,0.966,0.62,2
"512","M2212YFWDSW620",32.5,41.6,0.4,46.2,0.85,74.1,8.8,143.3,17.6,9,0.966,0.62,2
"513","M2212YFWDSW616",32.5,41.6,0.4,46.2,0.85,74.1,8.8,143.3,17.6,9,0.966,0.62,2
"514","M2212YFWDSW617",32.5,41.6,0.4,46.2,0.85,74.1,8.8,143.3,17.6,9,0.966,0.62,2
"515","M2212YFBCSH581",32.5,41.6,0.4,46.2,0.85,74.1,8.8,143.3,17.6,9,0.966,0.62,2
"516","M2212YFBCSH582",32.5,41.6,0.4,46.2,0.85,74.1,8.8,143.3,17.6,9,0.966,0.62,2
"517","M2212YFBCSW592",32.5,41.6,0.4,46.2,0.85,74.1,8.8,143.3,17.6,9,0.966,0.62,2
"518","M2212YFWDSW614",32.5,41.6,0.4,46.2,0.85,74.1,8.8,143.3,17.6,9,0.966,0.62,2
"519","M2212YFBCSW593",32.5,41.6,0.4,46.2,0.85,74.1,8.8,143.3,17.6,9,0.966,0.62,2
"520","M2212YFBCSW595",32.5,41.6,0.4,46.2,0.85,74.1,8.8,143.3,17.6,9,0.966,0.62,2
"521","M2212YFWDSW607",32.5,41.6,0.4,46.2,0.85,74.1,8.8,143.3,17.6,9,0.966,0.62,2
"522","M2212YFHMSW599",32.5,41.6,0.4,46.2,0.85,74.1,8.8,143.3,17.6,9,0.966,0.62,2
"523","M2212YFShSW588",32.5,41.6,0.4,46.2,0.85,74.1,8.8,143.3,17.6,9,0.966,0.62,2
"524","M2212YFWDSW606",32.5,41.6,0.4,46.2,0.85,74.1,8.8,143.3,17.6,9,0.966,0.62,2
"525","M2212YFHMSW600",32.5,41.6,0.4,46.2,0.85,74.1,8.8,143.3,17.6,9,0.966,0.62,2
"526","M2212YFWDSW615",32.5,41.6,0.4,46.2,0.85,74.1,8.8,143.3,17.6,9,0.966,0.62,2
"527","M2212YFQMSW587",32.5,41.6,0.4,46.2,0.85,74.1,8.8,143.3,17.6,9,0.966,0.62,2
"528","M2212SSHJSH645",43,36.2,0.4,61.3,-1.63,79.2,7.2,125.7,17.7,9.2,0.895,0.7,2.5
"529","M2212SSHXSH655",43,36.2,0.4,61.3,-1.63,79.2,7.2,125.7,17.7,9.2,0.895,0.7,2.5
"530","M2212SSHXSH650",43,36.2,0.4,61.3,-1.63,79.2,7.2,125.7,17.7,9.2,0.895,0.7,2.5
"531","M2212SSHJSH644",43,36.2,0.4,61.3,-1.63,79.2,7.2,125.7,17.7,9.2,0.895,0.7,2.5
"532","M2212SSBCSW626",43,36.2,0.4,61.3,-1.63,79.2,7.2,125.7,17.7,9.2,0.895,0.7,2.5
"533","M2212SSHXSH659",43,36.2,0.4,61.3,-1.63,79.2,7.2,125.7,17.7,9.2,0.895,0.7,2.5
"534","M2212SSBCSW622",43,36.2,0.4,61.3,-1.63,79.2,7.2,125.7,17.7,9.2,0.895,0.7,2.5
"535","M2212SSHXSH651",43,36.2,0.4,61.3,-1.63,79.2,7.2,125.7,17.7,9.2,0.895,0.7,2.5
"536","M2212SSHXSH656",43,36.2,0.4,61.3,-1.63,79.2,7.2,125.7,17.7,9.2,0.895,0.7,2.5
"537","M2212SSHJSH641",43,36.2,0.4,61.3,-1.63,79.2,7.2,125.7,17.7,9.2,0.895,0.7,2.5
"538","M2212SSHJSH643",43,36.2,0.4,61.3,-1.63,79.2,7.2,125.7,17.7,9.2,0.895,0.7,2.5
"539","M2212SSHJSH636",43,36.2,0.4,61.3,-1.63,79.2,7.2,125.7,17.7,9.2,0.895,0.7,2.5
"540","M2212SSHXSH654",43,36.2,0.4,61.3,-1.63,79.2,7.2,125.7,17.7,9.2,0.895,0.7,2.5
"541","M2212SSHXSH649",43,36.2,0.4,61.3,-1.63,79.2,7.2,125.7,17.7,9.2,0.895,0.7,2.5
"542","M2212SSCQJH632",43,36.2,0.4,61.3,-1.63,79.2,7.2,125.7,17.7,9.2,0.895,0.7,2.5
"543","M2212SSHJSH638",43,36.2,0.4,61.3,-1.63,79.2,7.2,125.7,17.7,9.2,0.895,0.7,2.5
"544","M2212SSBCSW627",43,36.2,0.4,61.3,-1.63,79.2,7.2,125.7,17.7,9.2,0.895,0.7,2.5
"545","M2212SSBCSW624",43,36.2,0.4,61.3,-1.63,79.2,7.2,125.7,17.7,9.2,0.895,0.7,2.5
"546","M2212SSHJSH640",43,36.2,0.4,61.3,-1.63,79.2,7.2,125.7,17.7,9.2,0.895,0.7,2.5
"547","M2212SSHXSH660",43,36.2,0.4,61.3,-1.63,79.2,7.2,125.7,17.7,9.2,0.895,0.7,2.5
"548","M2212SGHMSW712",38.1,28.5,0.5,67.7,-2.31,66.6,9.1,118.3,15.4,6.2,0.808,0.55,2.2
"549","M2212SGHMSW711",38.1,28.5,0.5,67.7,-2.31,66.6,9.1,118.3,15.4,6.2,0.808,0.55,2.2
"550","M2212SGHJSH674",38.1,28.5,0.5,67.7,-2.31,66.6,9.1,118.3,15.4,6.2,0.808,0.55,2.2
"551","M2212SGBCSW694",38.1,28.5,0.5,67.7,-2.31,66.6,9.1,118.3,15.4,6.2,0.808,0.55,2.2
"552","M2212SGHMSW709",38.1,28.5,0.5,67.7,-2.31,66.6,9.1,118.3,15.4,6.2,0.808,0.55,2.2
"553","M2212SGHMSW710",38.1,28.5,0.5,67.7,-2.31,66.6,9.1,118.3,15.4,6.2,0.808,0.55,2.2
"554","M2212SGHMSW708",38.1,28.5,0.5,67.7,-2.31,66.6,9.1,118.3,15.4,6.2,0.808,0.55,2.2
"555","M2212SGHMSW713",38.1,28.5,0.5,67.7,-2.31,66.6,9.1,118.3,15.4,6.2,0.808,0.55,2.2
"556","M2212SGHMSW714",38.1,28.5,0.5,67.7,-2.31,66.6,9.1,118.3,15.4,6.2,0.808,0.55,2.2
"557","M2212SGBCSW700",38.1,28.5,0.5,67.7,-2.31,66.6,9.1,118.3,15.4,6.2,0.808,0.55,2.2
"558","M2212SGBCSW701",38.1,28.5,0.5,67.7,-2.31,66.6,9.1,118.3,15.4,6.2,0.808,0.55,2.2
"559","M2212SGHJSH684",38.1,28.5,0.5,67.7,-2.31,66.6,9.1,118.3,15.4,6.2,0.808,0.55,2.2
"560","M2212SGHMSW706",38.1,28.5,0.5,67.7,-2.31,66.6,9.1,118.3,15.4,6.2,0.808,0.55,2.2
"561","M2212SGHMSW715",38.1,28.5,0.5,67.7,-2.31,66.6,9.1,118.3,15.4,6.2,0.808,0.55,2.2
"562","M2212SGHMSW707",38.1,28.5,0.5,67.7,-2.31,66.6,9.1,118.3,15.4,6.2,0.808,0.55,2.2
"563","M2212SGBCSW692",38.1,28.5,0.5,67.7,-2.31,66.6,9.1,118.3,15.4,6.2,0.808,0.55,2.2
"564","M2212SGBCSW693",38.1,28.5,0.5,67.7,-2.31,66.6,9.1,118.3,15.4,6.2,0.808,0.55,2.2
"565","M2212SGBCSW696",38.1,28.5,0.5,67.7,-2.31,66.6,9.1,118.3,15.4,6.2,0.808,0.55,2.2
"566","M2212SGHJSH672",38.1,28.5,0.5,67.7,-2.31,66.6,9.1,118.3,15.4,6.2,0.808,0.55,2.2
"567","M2212SGHXSH667",38.1,28.5,0.5,67.7,-2.31,66.6,9.1,118.3,15.4,6.2,0.808,0.55,2.2
"568","M2212SGHJSH678",38.1,28.5,0.5,67.7,-2.31,66.6,9.1,118.3,15.4,6.2,0.808,0.55,2.2
"569","M2212SGHJSH682",38.1,28.5,0.5,67.7,-2.31,66.6,9.1,118.3,15.4,6.2,0.808,0.55,2.2
"570","M2212SGBCSW695",38.1,28.5,0.5,67.7,-2.31,66.6,9.1,118.3,15.4,6.2,0.808,0.55,2.2
"571","M2212SGHJSH683",38.1,28.5,0.5,67.7,-2.31,66.6,9.1,118.3,15.4,6.2,0.808,0.55,2.2
"572","M2212SGBCSW698",38.1,28.5,0.5,67.7,-2.31,66.6,9.1,118.3,15.4,6.2,0.808,0.55,2.2
"573","M2212SGBCSW699",38.1,28.5,0.5,67.7,-2.31,66.6,9.1,118.3,15.4,6.2,0.808,0.55,2.2
"574","M2212SGBCSW702",38.1,28.5,0.5,67.7,-2.31,66.6,9.1,118.3,15.4,6.2,0.808,0.55,2.2
"575","M2212SGBCSW704",38.1,28.5,0.5,67.7,-2.31,66.6,9.1,118.3,15.4,6.2,0.808,0.55,2.2
"576","M2212SGBCSW705",38.1,28.5,0.5,67.7,-2.31,66.6,9.1,118.3,15.4,6.2,0.808,0.55,2.2
"577","M2212SGCQJH661",38.1,28.5,0.5,67.7,-2.31,66.6,9.1,118.3,15.4,6.2,0.808,0.55,2.2
"578","M2212SGHJSH671",38.1,28.5,0.5,67.7,-2.31,66.6,9.1,118.3,15.4,6.2,0.808,0.55,2.2
"579","M2212SGHXSH664",38.1,28.5,0.5,67.7,-2.31,66.6,9.1,118.3,15.4,6.2,0.808,0.55,2.2
"580","M2212SGHJSH681",38.1,28.5,0.5,67.7,-2.31,66.6,9.1,118.3,15.4,6.2,0.808,0.55,2.2
"581","M2212SGHJSH677",38.1,28.5,0.5,67.7,-2.31,66.6,9.1,118.3,15.4,6.2,0.808,0.55,2.2
"582","M2212SGHJSH679",38.1,28.5,0.5,67.7,-2.31,66.6,9.1,118.3,15.4,6.2,0.808,0.55,2.2
"583","M2212SGHJSH680",38.1,28.5,0.5,67.7,-2.31,66.6,9.1,118.3,15.4,6.2,0.808,0.55,2.2
"584","M2212SGHMSW719",38.1,28.5,0.5,67.7,-2.31,66.6,9.1,118.3,15.4,6.2,0.808,0.55,2.2
"585","M2212SGHMSW716",38.1,28.5,0.5,67.7,-2.31,66.6,9.1,118.3,15.4,6.2,0.808,0.55,2.2
"586","M2212SGHMSW717",38.1,28.5,0.5,67.7,-2.31,66.6,9.1,118.3,15.4,6.2,0.808,0.55,2.2
"587","M2212SGHMSW718",38.1,28.5,0.5,67.7,-2.31,66.6,9.1,118.3,15.4,6.2,0.808,0.55,2.2
"588","M2212SGWDSW690",38.1,28.5,0.5,67.7,-2.31,66.6,9.1,118.3,15.4,6.2,0.808,0.55,2.2
"589","M2212SGHMSW720",38.1,28.5,0.5,67.7,-2.31,66.6,9.1,118.3,15.4,6.2,0.808,0.55,2.2
"590","M2212SGHXSH662",38.1,28.5,0.5,67.7,-2.31,66.6,9.1,118.3,15.4,6.2,0.808,0.55,2.2
"591","M2212SGHXSH663",38.1,28.5,0.5,67.7,-2.31,66.6,9.1,118.3,15.4,6.2,0.808,0.55,2.2
"592","M2212SGHJSH685",38.1,28.5,0.5,67.7,-2.31,66.6,9.1,118.3,15.4,6.2,0.808,0.55,2.2
"593","M2212SGHXSH668",38.1,28.5,0.5,67.7,-2.31,66.6,9.1,118.3,15.4,6.2,0.808,0.55,2.2
"594","M2212SGM035",38.1,28.5,0.5,67.7,-2.31,66.6,9.1,118.3,15.4,6.2,0.808,0.55,2.2
"595","M2212SGBCSW697",38.1,28.5,0.5,67.7,-2.31,66.6,9.1,118.3,15.4,6.2,0.808,0.55,2.2
"596","M2212SZXTSW738",60.4,33.7,0.8,72.6,1.45,94.1,15.2,119.4,18.3,10.5,0.985,0.71,4.3
"597","M2212SZWDSW737",60.4,33.7,0.8,72.6,1.45,94.1,15.2,119.4,18.3,10.5,0.985,0.71,4.3
"598","M2212SZHMSW723",60.4,33.7,0.8,72.6,1.45,94.1,15.2,119.4,18.3,10.5,0.985,0.71,4.3
"599","M2212SZHMSW728",60.4,33.7,0.8,72.6,1.45,94.1,15.2,119.4,18.3,10.5,0.985,0.71,4.3
"600","M2212SZHMSW729",60.4,33.7,0.8,72.6,1.45,94.1,15.2,119.4,18.3,10.5,0.985,0.71,4.3
"601","M2212SZHMSW727",60.4,33.7,0.8,72.6,1.45,94.1,15.2,119.4,18.3,10.5,0.985,0.71,4.3
"602","M2212SZBCSW721",60.4,33.7,0.8,72.6,1.45,94.1,15.2,119.4,18.3,10.5,0.985,0.71,4.3
"603","M2212SZHXSH751",60.4,33.7,0.8,72.6,1.45,94.1,15.2,119.4,18.3,10.5,0.985,0.71,4.3
"604","M2212SZHXSH750",60.4,33.7,0.8,72.6,1.45,94.1,15.2,119.4,18.3,10.5,0.985,0.71,4.3
"605","M2212SZHMSW726",60.4,33.7,0.8,72.6,1.45,94.1,15.2,119.4,18.3,10.5,0.985,0.71,4.3
"606","M2212SZHMSW724",60.4,33.7,0.8,72.6,1.45,94.1,15.2,119.4,18.3,10.5,0.985,0.71,4.3
"607","M2212SZHXSH749",60.4,33.7,0.8,72.6,1.45,94.1,15.2,119.4,18.3,10.5,0.985,0.71,4.3
"608","M2212SZHMSW725",60.4,33.7,0.8,72.6,1.45,94.1,15.2,119.4,18.3,10.5,0.985,0.71,4.3
"609","M2212SZHXSH741",57.9,30.1,0.7,83,1.45,88,13.5,120.2,18,10.1,0.984,0.67,3.8
"610","M2212SZHXSH744",57.9,30.1,0.7,83,1.45,88,13.5,120.2,18,10.1,0.984,0.67,3.8
"611","M2212SZHXSH745",57.9,30.1,0.7,83,1.45,88,13.5,120.2,18,10.1,0.984,0.67,3.8
"612","M2212SZHXSH742",57.9,30.1,0.7,83,1.45,88,13.5,120.2,18,10.1,0.984,0.67,3.8
"613","M2212SZHXSH746",57.9,30.1,0.7,83,1.45,88,13.5,120.2,18,10.1,0.984,0.67,3.8
"614","M2212SZHXSH747",57.9,30.1,0.7,83,1.45,88,13.5,120.2,18,10.1,0.984,0.67,3.8
"615","M2212SZHXSH748",57.9,30.1,0.7,83,1.45,88,13.5,120.2,18,10.1,0.984,0.67,3.8
"616","M2212SZHMSW730",57.9,30.1,0.7,83,1.45,88,13.5,120.2,18,10.1,0.984,0.67,3.8
"617","M2212SZHXSH753",57.9,30.1,0.7,83,1.45,88,13.5,120.2,18,10.1,0.984,0.67,3.8
"618","M2212SZHXSH743",57.9,30.1,0.7,83,1.45,88,13.5,120.2,18,10.1,0.984,0.67,3.8
"619","M2212SZHXSH752",57.9,30.1,0.7,83,1.45,88,13.5,120.2,18,10.1,0.984,0.67,3.8
"620","M2212SZHJSH755",57.6,30.7,0.7,79.4,1.46,88.3,14.2,120.7,17.9,10.1,0.984,0.67,3.9
"621","M2207ZJHMSH857",147.9,0,171.5,140,1.99,147.9,319.4,226.6,33.3,26.5,3.198,1.11,2.5
"622","M2212SZHJSH754",57.9,30.1,0.7,83,1.45,88,13.5,120.2,18,10.1,0.984,0.67,3.8
"623","M2212SZHJSH770",57.9,30.1,0.7,83,1.45,88,13.5,120.2,18,10.1,0.984,0.67,3.8
"624","M2212SZM095",57.9,30.1,0.7,83,1.45,88,13.5,120.2,18,10.1,0.984,0.67,3.8
"625","M2212SZHJSH759",57.9,30.1,0.7,83,1.45,88,13.5,120.2,18,10.1,0.984,0.67,3.8
"626","M2212SZHXSH739",57.6,29.3,0.6,88,1.4,86.8,12.8,118.9,17.9,9.8,0.968,0.67,3.7
"627","M2212SZHJSH762",55.9,28.3,0.6,90.8,1.37,84.2,12.4,119.2,17.8,9.8,0.968,0.66,3.4
"628","M2212SZHJSH765",55.9,28.3,0.6,90.8,1.37,84.2,12.4,119.2,17.8,9.8,0.968,0.66,3.4
"629","M2212SZHJSH758",55.9,28.3,0.6,90.8,1.37,84.2,12.4,119.2,17.8,9.8,0.968,0.66,3.4
"630","M2212SZHJSH757",55.9,28.3,0.6,90.8,1.37,84.2,12.4,119.2,17.8,9.8,0.968,0.66,3.4
"631","M2212SZHJSH764",55.9,28.3,0.6,90.8,1.37,84.2,12.4,119.2,17.8,9.8,0.968,0.66,3.4
"632","M2212SZHJSH763",55.9,28.3,0.6,90.8,1.37,84.2,12.4,119.2,17.8,9.8,0.968,0.66,3.4
"633","M2212SZHJSH768",55.9,28.3,0.6,90.8,1.37,84.2,12.4,119.2,17.8,9.8,0.968,0.66,3.4
"634","M2212SZHJSH756",55.9,28.3,0.6,90.8,1.37,84.2,12.4,119.2,17.8,9.8,0.968,0.66,3.4
"635","M2212SZHJSH767",55.9,28.3,0.6,90.8,1.37,84.2,12.4,119.2,17.8,9.8,0.968,0.66,3.4
"636","M2212SZHJSH761",55.9,28.3,0.6,90.8,1.37,84.2,12.4,119.2,17.8,9.8,0.968,0.66,3.4
"637","M2212SZHJSH766",55.9,28.3,0.6,90.8,1.37,84.2,12.4,119.2,17.8,9.8,0.968,0.66,3.4
"638","M2212SZHJSH760",55.9,28.3,0.6,90.8,1.37,84.2,12.4,119.2,17.8,9.8,0.968,0.66,3.4
"639","M2212SZHJSH769",55.9,28.3,0.6,90.8,1.37,84.2,12.4,119.2,17.8,9.8,0.968,0.66,3.4
"640","M2211APCQJH466",62.8,0,7.8,135,1.34,62.8,156.9,95.4,26.5,18.3,2.238,0.56,2
"641","M2211APCQJH465",62.8,0,7.8,135,1.34,62.8,156.9,95.4,26.5,18.3,2.238,0.56,2
"642","M2211APCQJH464",62.8,0,7.8,135,1.34,62.8,156.9,95.4,26.5,18.3,2.238,0.56,2
"643","M2211APCQJH467",62.8,0,7.8,135,1.34,62.8,156.9,95.4,26.5,18.3,2.238,0.56,2
"644","M2211APCQJH469",62.8,0,7.8,135,1.34,62.8,156.9,95.4,26.5,18.3,2.238,0.56,2
"645","M2212SZWDSW734",55.9,28.3,0.6,90.8,1.37,84.2,12.4,119.2,17.8,9.8,0.968,0.66,3.4
"646","M2212SZWDSW732",55.9,28.3,0.6,90.8,1.37,84.2,12.4,119.2,17.8,9.8,0.968,0.66,3.4
"647","M2212SZWDSW736",55.9,28.3,0.6,90.8,1.37,84.2,12.4,119.2,17.8,9.8,0.968,0.66,3.4
"648","M2212SZWDSW735",55.9,28.3,0.6,90.8,1.37,84.2,12.4,119.2,17.8,9.8,0.968,0.66,3.4
"649","M2212SZWDSW731",55.9,28.3,0.6,90.8,1.37,84.2,12.4,119.2,17.8,9.8,0.968,0.66,3.4
"650","M2212SZBCSW722",55.9,28.3,0.6,90.8,1.37,84.2,12.4,119.2,17.8,9.8,0.968,0.66,3.4
"651","M2209HYCQJH535",98.8,42.6,1.4,94.2,-1.5,141.3,27,231.5,31.8,24.5,2.41,1.5,1.9
"652","M2209HYCQJH526",98.8,42.6,1.4,94.2,-1.5,141.3,27,231.5,31.8,24.5,2.41,1.5,1.9
"653","M2209HYCQJH531",98.8,42.6,1.4,94.2,-1.5,141.3,27,231.5,31.8,24.5,2.41,1.5,1.9
"654","M2209HYHXSH549",98.8,42.6,1.4,94.2,-1.5,141.3,27,231.5,31.8,24.5,2.41,1.5,1.9
"655","M2209HYHXSH550",98.8,42.6,1.4,94.2,-1.5,141.3,27,231.5,31.8,24.5,2.41,1.5,1.9
"656","M2209HYHJSH541",98.8,42.6,1.4,94.2,-1.5,141.3,27,231.5,31.8,24.5,2.41,1.5,1.9
"657","M2209HYHJSH537",98.8,42.6,1.4,94.2,-1.5,141.3,27,231.5,31.8,24.5,2.41,1.5,1.9
"658","M2209HYHJSH538",98.8,42.6,1.4,94.2,-1.5,141.3,27,231.5,31.8,24.5,2.41,1.5,1.9
"659","M2209HYHJSH540",98.8,42.6,1.4,94.2,-1.5,141.3,27,231.5,31.8,24.5,2.41,1.5,1.9
"660","M2209HYHXSH548",98.8,42.6,1.4,94.2,-1.5,141.3,27,231.5,31.8,24.5,2.41,1.5,1.9
"661","M2209HYCQJW510",94.8,45.9,0.8,77.4,-1.93,140.7,16.8,233.5,31.8,24.1,2.365,1.51,1.8
"662","M2209HYHJSH542",94.8,45.9,0.8,77.4,-1.93,140.7,16.8,233.5,31.8,24.1,2.365,1.51,1.8
"663","M2209HYHMSH547",94.8,45.9,0.8,77.4,-1.93,140.7,16.8,233.5,31.8,24.1,2.365,1.51,1.8
"664","M2209HYHMSW512",94.8,45.9,0.8,77.4,-1.93,140.7,16.8,233.5,31.8,24.1,2.365,1.51,1.8
"665","M2209HYHXSH551",94.8,45.9,0.8,77.4,-1.93,140.7,16.8,233.5,31.8,24.1,2.365,1.51,1.8
"666","M2209HYXTSW516",94.8,45.9,0.8,77.4,-1.93,140.7,16.8,233.5,31.8,24.1,2.365,1.51,1.8
"667","M2209HYHXSH555",93.8,46,0.8,64.3,-2.03,139.9,15.5,235.3,31,23.3,2.296,1.4,1.9
"668","M2209HYHXSH556",93.8,46,0.8,64.3,-2.03,139.9,15.5,235.3,31,23.3,2.296,1.4,1.9
"669","M2209HYWDSW520",92.8,45.8,0.7,63.7,-1.97,138.7,14.8,236.5,30.5,22.9,2.245,1.35,1.9
"670","M2209HYHXSH553",100.9,47.9,1,61.7,-1.22,148.8,19.5,246.9,31.2,24.6,2.497,1.34,2.3
"671","M2209HYHXSH552",100.9,47.9,1,61.7,-1.22,148.8,19.5,246.9,31.2,24.6,2.497,1.34,2.3
"672","M2209HYHJSH543",100.9,47.9,1,61.7,-1.22,148.8,19.5,246.9,31.2,24.6,2.497,1.34,2.3
"673","M2209HYHMSW513",100.9,47.9,1,61.7,-1.22,148.8,19.5,246.9,31.2,24.6,2.497,1.34,2.3
"674","M2209HYWDSW519",100.9,47.9,1,61.7,-1.22,148.8,19.5,246.9,31.2,24.6,2.497,1.34,2.3
"675","M2209JYHXSH561",101,48.3,0.9,62.9,-1.35,149.3,18.9,247.3,31.8,24.9,2.52,1.43,2.1
"676","M2209JYHXSH563",101.4,47.5,1,61.6,-1.35,148.9,20.9,244.6,31.6,24.7,2.547,1.35,2.3
"677","M2209JYHJSH571",101.4,47.5,1,61.6,-1.35,148.9,20.9,244.6,31.6,24.7,2.547,1.35,2.3
"678","M2209JYHXSH562",101.4,47.5,1,61.6,-1.35,148.9,20.9,244.6,31.6,24.7,2.547,1.35,2.3
"679","M2209JYHJSH574",101.4,47.5,1,61.6,-1.35,148.9,20.9,244.6,31.6,24.7,2.547,1.35,2.3
"680","M2209JYHJSH572",101.4,47.5,1,61.6,-1.35,148.9,20.9,244.6,31.6,24.7,2.547,1.35,2.3
"681","M2209JYHJSH569",101.4,47.5,1,61.6,-1.35,148.9,20.9,244.6,31.6,24.7,2.547,1.35,2.3
"682","M2209JYHJSH573",101.4,47.5,1,61.6,-1.35,148.9,20.9,244.6,31.6,24.7,2.547,1.35,2.3
"683","M2209JYHXSH565",101.3,47,1.1,61.4,-1.79,148.3,21.5,244.2,31.5,24.8,2.562,1.33,2.3
"684","M2209JYHXSH564",101.3,47,1.1,61.4,-1.79,148.3,21.5,244.2,31.5,24.8,2.562,1.33,2.3
"685","M2209JYCQJH560",101.3,47,1.1,61.4,-1.79,148.3,21.5,244.2,31.5,24.8,2.562,1.33,2.3
"686","M2209JYCQJH559",101.3,47,1.1,61.4,-1.79,148.3,21.5,244.2,31.5,24.8,2.562,1.33,2.3
"687","M2209JYHJSH568",101.3,47,1.1,61.4,-1.79,148.3,21.5,244.2,31.5,24.8,2.562,1.33,2.3
"688","M2209JYHJSH567",101.3,47,1.1,61.4,-1.79,148.3,21.5,244.2,31.5,24.8,2.562,1.33,2.3
"689","M2209JYHJSH566",101.3,47,1.1,61.4,-1.79,148.3,21.5,244.2,31.5,24.8,2.562,1.33,2.3
"690","M2209JYCQJH558",101.3,47,1.1,61.4,-1.79,148.3,21.5,244.2,31.5,24.8,2.562,1.33,2.3
"691","M2209JYHJSH570",101.3,47,1.1,61.4,-1.79,148.3,21.5,244.2,31.5,24.8,2.562,1.33,2.3
"692","M2209JYHJSH575",101.6,47.1,1.1,60.3,-1.94,148.7,21.7,247.7,31.6,24.8,2.568,1.34,2.2
"693","M2209JYHJSH576",101.6,47.1,1.1,60.3,-1.94,148.7,21.7,247.7,31.6,24.8,2.568,1.34,2.2
