,Guangdong Bandicota indica astrovirus,Rodent astrovirus 1,Rodent astrovirus 2,Rodent astrovirus 3,Wnezhou virus,Orthohantavirus seoulense,Norway rat pestivirus,Rodent pegivirus,Wenzhou Apodemus agrarius hepacivirus 1,Rat hepatitis E virus,Beilong virus,Guangdong Bandicota indica arterivirus virus,Guangdong Rattus norvegicus arterivirus virus,Guangdong Rattus norvegicus arterivirus virus 2,Guangdong rodent arterivirus 1,Guangdong rodent arterivirus 2,Betacoronavirus 1,Rodent coronavirus,Partiti-Picobirna-like,Norwalk virus,Guangdong dicipi-like virus,Guangdong parechovirus,Guangdong rodent picorna-like virus 14,Guangdong rosa-like virus,Hunnivirus A,Mischivirus E,Murine kobuvirus,Parabovirus A,Rabovirus A,Guangdong rodent orbivirus,Deer mastadenovirus B,Guangdong rodent mastadenovirus 1,Guangdong rodent aleptorquevirus,Guangdong rodent anellovirus 1,Guangdong rodent anellovirus 2,Guangdong rodent anellovirus 3,Guangdong rodent torque teno virus 1,Guangdong rodent torque teno virus 3,Rodent torque teno virus 3,Guangdong murine mastadenovirus 2,Guangdong rodent chaphamaparvovirus 3,Guangdong rodent dependoparvovirus 1,Guangdong rodent dependoparvovirus 2,Guangdong rodent dependoparvovirus 3,Guangdong rodent dependoparvovirus 4,Porcine bocavirus,Rat minute virus 2a,Rat parvovirus 1,Rat parvovirus 2,Bartonella kosoyi,Bartonella sp,Chlamydia muridarum,Collinsella aerofaciens,Desulfovibrio piger,Klebsiella variicola,Angiostrongylus cantonensis,Nippostrongylus brasiliensis,Babesia microti,Brachylaima sp,Cryptosporidium ubiquitum,Raillietina sp,Eimeria dispersa,Eimeria falciformis,Hepatozoon sp,Giardia sp1,Giardia sp3,Spironucleus sp,Spironucleus sp2,Spironucleus sp3,Spironucleus sp4,Spironucleus sp5,Hypotrichomonas,Monocercomonoides,Oxyurida sp,Pneumocystis carinii,Pneumocystis murina,Pneumocystis sus,Pneumocystis wakefieldiae,Chilomastix sp,Plagiorchis multiglandularis,Strongyloides ratti,Strongyloides stercoralis,Strongyloides venezuelensis,Tritrichomonas sp,Trypanosoma lewis
Bandicota indica-AP-2021-Winter,0,0,0,0.66833,6.463281917,0,0,0,0,53.00235061,0,0,0,0,1365.082817,0,51.20736183,0,5.3478375,0,0,0,0,0,0,0,0,0,0,0,0,0,0,0,0,1.668491667,21.52367583,0,0,1.152557667,0,0,0,0,1.330516083,33.81542758,25398.43416,0,0,0,0,2.499183333,0,22.2705,0,0,0,0,0,0,0,0,0.2600985,0,0.965630083,0,0,0,0,0,0,0,0,0,0,0,0,10.66218899,0,0,0,0,0,2.851962583,0
Bandicota indica-DB-2021-Winter,306.3801736,5126.20331,0,466.0404032,980.465073,0,0,0,0,0,0,0,0,0,1111.05879,0,6604.553763,7.3587355,7.1354845,4.1436575,0,0,214.041329,1.86730755,2.8216501,0,17.42756565,7.38811885,7.205725,0,0,5.0075262,0,0,0,1.04606925,1.7134765,0,0,0.42318735,0,0,0,0,84.07233425,2588.992773,16688.82374,0,0,0,0,28.56865,0,10.2897,0,21.8003823,0,0,0,0.2024821,0,0,0,0,0.292126265,0,3.4916461,0,0,0.2019145,0,0.1757255,0,0,0,0,0,0.271295215,0.190806,0,0.112272175,0,0,19.7041239,0
Bandicota indica-ZJ-2021-Winter,0,0,0,0,433.7113662,0,0,0,0,37.74503726,0,0,0,0,584.3105208,0,0,0,1.441883333,0,0,0,0,0,0,0,0,0,0,0,0,0,0,0,0,0,26.92938258,0,0,0,0,0,0,0,0,0,78.72303,0,0,0,0,6.018991667,0,0,0,0.099011983,0,0,0,0,0,0,0,0,0,0,0,0,0,0,0,0,0,0,0,0,0,2.977745,0,0,0,0,0,0.281510642,0
Bandicota indica-AP-2022-Autumn,0,8.332285714,0,0,527.3660356,0,0,0,0,78.11897474,0,0,0,0,812.4985322,0,0,0,16.70331786,0,0,0,0,0,0,0,16.01681539,0,0,3.779204571,0,0,0,0,0,0,16.66313864,0,0,0,0,0,0,0,0,0,1958.529082,0,0,0,0,0,0,41.32792857,0,236.9033053,0.074387143,0,0,0,0,0,0,0,0,0,0,0,0,0,0,0,0,0,0,0,0,0,0,0,0,0,0,3.185236036,0
Bandicota indica-HY-2022-Autumn,0,0,0,0,0,0,0,0,0,0,0,0,0,0,3072.24,0,0,0,0,0,0,0,0,0,0,0,0,0,0,0,0,0,0,0,0,0,0,0,0,0,0,0,0,0,0,0,0,0,0,0,0,0,0,0,0,1406.482282,0,0,0,0,0,0,0,0,0,0,0,0,0,0,0,0,0,0,0,0,0,0,0,0,0,0,0,0,0
Bandicota indica-ZJ-2022-Autumn,0,0,0,0,1630.269974,0,0,0,0,49.48354212,0,0,0,0,1001.462027,0,0,0,0,0.48560125,0,0,0,0,0,0,0,0,0,0,0,0,0,0,0,0,0.462139375,0,0,0,0,0,0,0,0,0,0,0,0,0,0,0,0,0,0,0.80957145,0,0,0,0,0,0,0,0,0.162573125,0,0,0,0,0,0,0,0,0,0,0.081035625,0,2.235569056,0,0,0,0,0,1.5069225,0
Bandicota indica-AP-2022-Spring,0,1.39721125,0,0,629.66015,0,0,0,0,70.06909259,0,0,0,0,542.6028116,0,120.7859889,0,0,0,0,0,0,0,0,0,0,0,0,0,0,0,0,0,0,0,15.9498483,0,0,0,0,0,0,0,0,0.535275375,1.388343206,0,0,0,0,0,0,0,0,82.07037713,0.148908475,0,0,0,0,0,0,0,9.876611125,0,0,0,0,0,0.56601,1.32123125,3.1905325,0,0,0.19297375,0,0.067413313,0,0,0,0,0,0.19736955,0
Bandicota indica-ZJ-2022-Spring,0,0,0,0,0,0,0,0,0,36.62940093,0,0,0,0,809.2708799,0,0,0,0,0,0,0,0,0,0,0,0,0,0,1.297335714,0,0,0,0,0,0,12.17835714,0,0,0,0,0,0,0,0.347045857,66.87309143,1907.655559,0,0,0,0,0,0,0,0,15.86740586,0,0,0,0,0,0,0.723239929,0,0,0,0,0,0,0,0,0,0,0,0,0,0,0.104459714,0,0,0,0,0,0,0
Bandicota indica-AP-2022-Summer,0,0,0,0.224433,2132.417409,107.9798455,0,0,0,3.279139091,0,0,0,0,1337.073722,0,0,0,0.337413636,0,0,0,0,0,0,0,0,0,0,0,0,0,0,0,0,0,0.443048636,0,0,0,0,0,0,0,0,0,0,0,0,0,0,0,0,0,0,0.095147145,0,0,0,0,0,0,0.116456727,0,0,0,0,0,0,0,0,0,0,0,0,0,0,0.446376227,0,0,0.346551591,0,0,0.834007091,0
Bandicota indica-ZJ-2022-Summer,0,0,0,0,72.44842243,0,0,0,0,29.70223363,0.209226429,0,0,0,50.30312857,0,0,0,0,0,0,0,0,0,0,0,0,0,0,0,0,0,0,0,0,0,7.77688,0,0,0,0,0,0,0,0,0,4346.984072,0,0,0,0,103.0522857,0,0,0,68.81244286,0,0,0,0,0,0,0,0,0,0,0,0,0,0,0,0,0,0,0,0,0,3.702565229,0,0,0,0,0,0,0
Bandicota indica-AP-2022-Winter,0,0,0,0.810249492,737.9067754,0,0,0,0,27.15613733,0,0,0,0,895.7656699,0,0,0,0.502943333,0,0,0,0,0,0,0,0,0,0,0.866255417,0,0,0,0,0,0,7.79303175,0,0,8.718116167,0,0,0,0,0.103307167,0,6515.313396,0,0,0,2.80385,1.782858333,0,0,0,0,0,0,0,0,0,0,0,0,0,0,0,0,0,0,0,0,0,0,0,0,0,4.027886658,0,0,0,0,0,0,0
Bandicota indica-SG-2022-Winter,0,0,0,0,0,351.9366667,0,0,0,0,0,169.5183333,0,0,0,0,0,0,2.6254,0,0,0,0,0,0,0,0,0,0,0,0,0,0,0,0,20.74889055,0,0,0,0,0,0,0,0,0,0,2736.844914,0,0,0,0,0,0,0,0,0,0,0,0,0,0,0,0,0,0,0,0,0,0,0,0,0,0,0,0,4.02039,0,9.2341443,0,0,0,0,0,0,0
Bandicota indica-SS-2022-Winter,0,0,0,80.19613333,1529.397833,0,0,0,0,23.95353333,0,0,0,0,0,0,0,0,0,0,0,0,0,0,0,0,0,0,0,0,0,0,0,0,0,0,0,0,0,0,0,0,0,0,0,0,90.2183,0,0,0,0,0,0,0,0,0,0,0,0,0,0,0,0,0,0,0,0,0,0,0,0,0,0,0,0,0,0,0,0,0,0,0,0,0,0
Bandicota indica-SZ-2022-Winter,0,0,0,0,0,0,0,0,0,0,0,0,0,0,0,0,0,0,40.81974,0,0,0,0,0,0,0,0,0,0,0,0,0,0,0,0,0,0,0,0,0,0,0,0,0,0,0,0,0,0,0,0,0,0,615.882,0,0,0,0,0,0,0,0,0,0,0,0,0,0,0,0,0,0,0,0,0,0,0,0,0,0,0,0,0,0,0
Bandicota indica-YF-2022-Winter,0,0,0,0,0,0,0,0,0,0,0,0,0,0,23.95557067,0,0,0,0,0,0,0,0,0,0,0,0,0,9.368,0,0,0,0,0,0,50.65768117,752.2892333,0,0,0,0,0,0,0,0,0,54904.57962,0,0,0,0,0,0,0,0,0,0,0,0,0,0,0,0,0,0,0,0,0,0,0,0,0.176918333,0,0,0,0,0,0.259584133,0,0,0,0,0,0,0
Bandicota indica-ZJ-2022-Winter,0,0,0,2.140178333,26.121,0,0,0,0,121.2906727,0,0,0,0,1119.467165,0,195.614,0,0.289213333,0,0,0,0,0,0,0,0,0,0,0,0,2.880566667,0,0,0,0,0.575295333,0,0,0.237155,0,0,0,0,0,0,1.645383167,0,0,0,0,23.4655,0,0,0,150.3414854,0,0,0,0,0,0,0,0,0,0,0,0,0,0,0,0,0,0,0,0,0,0,0,0,0,0,0,0,0
Berylmys sp.-AP-2021-Winter,0,0,0,0,0,0,0,0,0,0,0,0,0,0,0,0,0,0,0,0,0,0,0,0,0,0,0,0,0,0,0,0,0,0,0,0,0,0,0,0,0,0,0,0,0,6.44184,3226.262,0,0,0,0,0,0,0,0,0,0,0,0,0,0,0,0,0,0,0,0,0,0,0,0,0,0,0,0,0,0,4.9938255,0,0,0,0,0,0,0
Berylmys sp.-ZJ-2022-Spring,0,0,0,0,0,0,0,0,0,55.2038157,0,0,0,0,0,0,0,0,0,0,0,0,0,0,0,0,0,0,0,0,0,0,0,0,0,0,0,0,0,0,0,0,0,0,0,0,0,0,0,0,0,0,0,0,0,0,0,0,0,0,0,0,0,0,0,0,0,0,0,0,0,0,0,0,0,0,0,4.1479505,0,0,0,0,0,10.430804,0
Berylmys sp.-AP-2022-Winter,0,0,0,0,0,0,0,0,0,0,0,0,0,0,0,0,0,0,0,0,0,0,0,0,0,0,0,0,0,0,0,0,0,0,0,0,0,0,0,0,0,0,0,0,0,0,1383.74763,0,0,0,0,0,0,0,0,0,0,0,0,0,0,0,0,0,0,0,0,0,0,0,0,0,0,0,0,0,0,0,0,0,0,0,0,0,0
Mus caroli-AP-2021-Winter,0,0,0,0,0,0,0,0,0,0,0,0,0,0,0,0,0.807406667,0,1.2989493,0,0,0,0,0,0,0,0,0,0,0,0,0,0,0,0,0,0,0,0,0,0,0,0,0,0,0,6465.981758,0,0,0,0,0,0,0,0,0,0,0,0,0,0,0,0,0,0,0,0,0,0,0,0,0,0,0,0,0,0,0,0,0,0,0,0,0,0
Mus caroli-SZ-2022-Winter,0,0,0,0,0,0,0,0,0,0,0,0,0,0,0,0,0,0,0,0,0,0,0,0,0,0,0,0,0,0,0,0,0,0,0,0,48.36002,0,0,0,0,0,0,0,0,0,66.097,0,0,0,0,0,0,0,0,0,0,0,0,0,0,0,0,0,0,0,0,0,0,0,0,0,0,0,0,0,0,0,0,0,0,0,0,0,0
Niviventer lotipes-YF-2022-Winter,0,0,0,0,0,0,0,0,0,0,0,0,0,0,0,0,0,0,0,0,0,0,0,0,0,0,0,0,0,0,0,0,0,0,0,0,0,0,0,0,0,0,0,0,0,0,0,0,0,0,0,0,0,0,0,0,0,11.13032,0,0,0,0,0,0,0,0,0,0,0,0,0,0,0,0,0,0,0,0,0,0,0,0,0,0,0
Rattus andamanensis-ZJ-2021-Winter,0,0,0,10.54346667,0,0,0,0,0,0,0,0,0,0,0,0,0,0,46.63603333,0,0,0,0,0,0,0,0,0,0,0,0,0,0,0,0,9.541225333,0,0,0,0,0,0,0,0,0,0,0,0,0,492.3033333,0,0,0,0,0,0,0,0,0,0,0,0,0,0,0.758257133,0,0,0,0,0,0.656306667,0,0,0,0,0,0,0,2.045383333,0,0,0,0,107.9973899,0
Rattus andamanensis-HY-2022-Autumn,0,0,0,0,0,0,0,0,0,0,0,0,0,0,0,0,0,0,0,0,0,0,0,0,0,0,0,0,0,0,0,0,0.915282333,0,0,1.07194,0,0,0,0,0,0,0,0,0,0,0,0,0,20.6011,0,0,0,0,0,0,0,0,0,0,0,0,0,0,0,0,0,0,0,0,0,0,0,0,0,0,0,0,0,0,0,0,0,0,0
Rattus andamanensis-ZJ-2022-Spring,0,0,0,0,0,0,0,0,0,0,0,0,0,0,0,0,0,0,0,0,0,0,0,0,0,0,0,0,0,0,0,0,7.81903,0,0,2.03141,0,0,0,0,0,0,0,0,0,0,56.5819,0,0,0,0,0,0,0,0,0,0,0,0,0,0,0,0,114.2103,0,0,0,0,0,0,0,0,0,0,0,0,0,0,0,0,1.719922,0,0,0,0
Rattus andamanensis-ZJ-2022-Summer,0,0,0,0,0,0,0,0,0,0,0,0,0,0,0,0,0,0,0,0,0,0,0,0,0,0,0,0,0,0,0,0,687.4361,0,0,25.31763,0,0,0,0,0,0,0,0,0,0,0,0,0,0,0,0,0,0,0,0,0,0,0,0,0,0,0,0,0,0,0,0,0,0,0,0,0,0,0,0,0,0,0,0,0,0,0,0,0
Rattus andamanensis-SG-2022-Winter,0,0,0,0,0,0,0,0,0,0,0,0,0,0,0,0,0,0,0,0,0,0,0,0,0,0,0,0,0,0,0,0,0,0,0,3.75388,0,0,0,0,0,0,0,0,0,0,0,0,0,0,0,0,0,0,0,0,0,0,0,0,0,0,0,0,0,0,0,0,0,0,0,0,0,0,0,0,0,0,0,0,0,0,0,0,0
Rattus andamanensis-SS-2022-Winter,0,0,0,0,0,0,0,0,0,0,0,0,0,0,0,0,0,0,4.39984,0,0,0,0,0,0,0,0,0,0,0,0,0,0,0,0,0,0,0,0,0,0,0,0,0,0,0,2744.08725,0,0,0,0,0,0,67.3905,0,0,0,0,0,0,0,0,0,0,0,0,0,0,0,0,0,0,0,0,0,0,0,0,0,0,0,0,0,0,0
Rattus andamanensis-SZ-2022-Winter,0,16964.3023,0,0,0,0,0,0,0,0,0,0,0,0,0,0,638.3980933,0,0,0,0,0,0,0,0,0,0,0,0,0,0,0,0,0,0,19.58194133,0,0,0,0,0,0,0,0,0,0,0.607486333,0,0,0,0,0,0,0,0,0,0.44463,0,0,0,0,0,0,0,1.255427,0,0,0,0,0,0,0,0,0,0,0,0,0,0,0,0.588481667,0,0,7.467173667,0
Rattus andamanensis-YF-2022-Winter,0,0,0,0,0,0,0,0,0,0,0,0,0,0,0,38.580487,0,0,0,0,0,0,0,0,0.090877647,0,0,0,0,0,0,0,13.27734765,0,0,15.40813176,0,2.7907,0,0,0,0,0,0,0,7.335623529,48333.44357,0,0,385.5387647,0,0,0,0,0,0,0,0,0,1.049864706,0,0,0.135315882,0.843808,0,0,0,0,0,0,0,0,0,0,0,0,0,0,0,0,0.1754882,0,0.137883553,0,0.296202059
Rattus losea-DB-2021-Winter,0,0,0,0,0,0,0,0,0,0,0,0,0,0,0,0,0,0,0,0,0,0,0,0,0,0,0,0,0,0,0,0,23.777839,0,0,3.755267,0,0,0,0,0,0,0,0,0,0,0,0,0,0,0,0,0,0,0,1580.254995,4.520784,0,0,0,0,0,0,0,0,0,0,0,0,0,0,0,0,0,0,0,0,0,0,0,0,0,0,0,0
Rattus losea-ZJ-2021-Winter,0,0,0,13.187082,2.0566339,0,0,0,0,1.5503531,0,0,0,0,0,0,0,0,0,0,0,0,0,0,0,0,0,0,0,0,0,0,0.4908779,0,0,7.1211605,0,0,0,0,0,0,0,0,0,0,8.22833589,0,0,1.3338,0,0,0,0,0,0,0,0,0,0,0,0,0,0,0,0,0,0,0,0,0,0,0,0,0,0,0,0,0,0,0,0,0,1.09520654,2.673616
Rattus losea-HY-2022-Autumn,0,0,0,0,0,0,0,0,0,25.977398,0,0,0,0,0,0,0,0,45.489647,0,0,0,0,0,0,0,2.70547,0,0,0,0,0,0,0,0,122.775325,0,0,0,0,0,0,0,0,0,0,0,0,0,0,0,3.271725,0,0,0,38.4345825,0,0,0,0,0,0,0,0,0.734041,0,0,0,0,0,0,0,0,0,0,0,0,0,0,0,0,0,0.65015145,3.890424475,7.8093375
Rattus losea-ZJ-2022-Autumn,0,0,0,0,61.76734067,0,0,0,0,0,0,0,0,0,0,0,0,0,0,0,0,0,0,0,0,0,0,0,0,0,0,0,0.702097667,0,0,82.37093333,0,0,0,0,0,0,0,0,0,0,0,0,0,0,0,0,0,0,0,0,0,0,0,0,0,0,0,0,0,0,0,0,0,0,0,0,0,0,0,0,0,8.249246,0,0,0,0,0,0,0
Rattus losea-AP-2022-Spring,0,0,0,19.59686,0,0,0,0,0,0,0,0,0,0,0,0,0,0,0,0,0,0,0,0,0,0,0,0,0,0,0,0,230.8208934,0,0,5.40289,0,0.402636,0,0,0,0,0,0,0,20.61163938,0.840232,0,0,0,0,0,0,0,0,0,0.7087186,0,0,0,0,0,0,0,0,0,0,0,0,0,0,0,0,0,0,0,0,0,0,0,0,0,0,0,9.1863392
Rattus losea-ZJ-2022-Spring,0,0,0,0.4279454,0,0,0,0,0,87.757162,0,0,0,0,0,0,0,0,0,0,0,0,0,0,0,0,0,0,0,0,0,0,0,0,0,2.452939,0,0,0,0,0,0.490481,0,0,0,67.854276,423.1782376,0,0,50.6218,0,0,0,0,0,0,0.15274749,0,0,0,0,0,0,0,0,0,0,0,0,0,0,0,0,1.4170394,0,0,0,0,0,0,0.36032189,0,0,0,0.3091196
Rattus losea-AP-2022-Summer,0,0,0,0,0,0,0,0,0,0,0,0,0,0,0,0,0,0,0,0,0,0,0,0,0,0,0,0,0,0,0,0,0,0,0,0,0,0,0,0,0,0,0,0,0,0,0,0,0,0,0,0,0,0,0,0,0,0,0,0,0,0,0,0,0,0,0,0,0,0,0,0,0,0,0,0,0,0,0,0,0,0,0,0,98.686626
Rattus losea-ZJ-2022-Summer,0,0,0,0,0,0,0,0,0,0,0,0,0,0,0,0,0,0,6.87128,0,0,0,0,0,0,0,0,0,0,0,0,0,0,0,0,6.391182,0,0,0,0,0,0,0,0,0,0,20.5504134,0,0,0,0,0,0,0,0,0,0.25589698,0,0,0,0,0,0,0,0,0,0,0,0,0,0,0,0,3.1022218,0,0,0,0,0,0,0,0,0,14.4994672,0
Rattus losea-SG-2022-Winter,0,270.624,0,8.74903,0,0,0,0,0,0,0,0,0,0,0,0,0,0,14.51815,0,0,0,0,0,0,0,0,0,827.225,0,0,0,0,0,0,0,0,0,0,0,0,0,0,0,0,0,0,0,0,0,0,0,0,392.324,0,0,0,0,0,0,0,0,0,0,8.1530493,0,0,0,0,0,0,1.50188,0,0,0,0,0,0,0,0,1.1919656,0,0,0,0
Rattus losea-SS-2022-Winter,0,0,0,0,0,0,0,0,0,0,0,0,0,0,0,0,0,0,53.29973,142.24937,0,0,0,0,0,0,0,0,0,0,0,0,0,0,0,0,0,0,0,0,0,0,0,0,0,0,0,0,0,0,0,0,0,389.766,0,0,1.4727567,0,0,0,0,0,0,0,0,0,0,0,0,0,0,0,0,0,0,0,0,0,0,0,0,0,0,5.9377783,0
Rattus losea-SZ-2022-Winter,0,411.8820667,0,1.277089714,0,0,0,0,0,0,0,0,0,0,0,0,0,0,0,0,0,0,0,0,0,0,0,0,0,0,0,0,0,0,0,0,0,0,0,0,0,0,0,0,0,0,0,1.566242857,0,0,0,6.4081,0,0,0,0,0,0,0,0,0,0,0,0,0,0,0,0,0,0,0,0,0,25.01659,0,0,0,0,0,0,0.994988471,0,0,1.400027371,0
Rattus losea-YF-2022-Winter,0,0,0,0,0,0,0,0,0,0,0,0,0,0,1.423544467,0,192.57782,0,0,0,0,0,0,0,0,0,0,0,0,0,0,0,0,0,0,0,0,0,0,0,0,0,0,0,0,0,385.7664333,0,0,0,0,0,0,0,0,0,0,0,0,0,0,0,0,0,0,0,0,0,0,0,0,0,0,0,0,0,0,0,0,0,0,0,0,0,0
Rattus losea-ZJ-2022-Winter,0,0,0,0,0,0,0,0,0,0,0,0,0,0,0,0,0,0,0,0,0,0,0,0,0,0,0,0,0,0,0,0,0,0,0,0.3093385,0,0,0,0,0,0,0,0,0,0,0,0,0,0,0,0,0,0,0,0,0,0,0,1.1672505,0,0,0,0,0,0,0,0,0,0,0,0,0,0,0,0,0,0,0,0,0.38706655,0,0,5.375133025,0
Rattus norvegicus-DB-2021-Winter,0,0,152.7228952,35.3045431,1542.78916,4.249097571,18.24215743,0,0,0,0.053937333,0,0,0,0,0,0,0,0,0,0,0,0,0.770386762,0.967911095,0,0.993382143,0,0,0,0,0,0,0,0.059332724,8.007915976,0,0,3.290918524,0,0,0,0,0,0,570.6514399,125.2242576,0,0,0,0,90.6652,16.96947619,13.3432381,0,98.40536072,0.695489795,0,0,0,0,0,0.208295429,0,0.048403624,0,0,0.217288095,0.29069,0.328400952,0,0,0,0,12.89490562,0,0,5.720768529,0,0,0,0,0.549472571,0,1.063686667
Rattus norvegicus-ZJ-2021-Winter,0,0,0,43.3139113,3.2683058,7.174739,0,4.219406,0,0,26.26975699,0,1.15229,0,0,0,0,0,0,0,0,0,0,0,0,0,0.2312597,0,0,0,0,0,0,0,0,9.02624668,0,0,0,0,0,0,0,0,0,0,61.98293788,0,0,20.1437,0,0,0,0,0,27.9184244,0,0,0,0,0,0,0,0,0,0,0,0,0,0,0,0,0,0,0,0,0,0,0,0,0,0,0,0,0.6904554
Rattus norvegicus-AP-2022-Autumn,0,0,0,0,18.16477875,22.6056125,0,31.41743,0,0,0,0,0,0,0,25.90828625,0,0,0,0,0,0,0,0,0,0,0,0,0,0,0,0,0,0,0,24.0878,0,0,0,0,0,0,0,0,0,0,20.14865888,0,0,0,0,0,0,0,0,6.264628125,0,0,0,0.85449875,0,0,0,0,0,0,0,0,0,0,0,0,0,0,2.82703875,0,0,0,0,0,0,0,0,0,0
Rattus norvegicus-HY-2022-Autumn,0,0,231.1585625,0,0,0,0,0,0,0,0,0,0,0,0,0,0,0,0,0,0,0,0,0,34.37949404,0,5.732548625,0,0,0,0,0,0,0,0,84.54273734,0,0,9.01847875,0,0,0,0,0,0,0,4.538710863,0.466213375,0,969.57375,0,0,0,0,0,11.29554863,0,0,0,0,0,0,0.32743125,0,0,0,0,0,0,0,0,0,0,0,0,0,0,0,0,0,0,0,0,0,0
Rattus norvegicus-JY-2022-Autumn,0,12.269628,0,0,0.516224143,3.111128571,12.19321164,2.770752143,0,7.956642857,0,0,9.74435,0,0,0,0,0,2.454228571,0,0,0,0,0,0.312687786,0,6.545328929,0,0,0,0,0,0,0,0,12974.3922,3.405388571,0,22.73101936,0,0,0,0,0,0,20.12310714,68.39793564,0,0,0,0,0,55.78135714,131.2767857,0,185.790232,0,0,0,0,0,0,0,0,0,0,0,0,0,0,0,0,0,0,0,0,0,0.686450214,0,0,0.079418557,0,1.664460086,0,0
Rattus norvegicus-ZJ-2022-Autumn,0,0,0,0,5676.134002,0.2334085,0,0,0,0,0,0,0,0,0,0,0,0,0,0,0,0,0,0,0,0,0,0,0,0,0,0,0,0,0,12.242435,0,0,0,0,0,0,0,0,0,0,13.31147167,0,0,0,0,0,0,0,0,0,0,0,0,0.173699333,0,0,0,0,0,0,0,0,0,0,0,0,0,0,0,0,0,0,0,0,0,0,0,0,0
Rattus norvegicus-AP-2022-Spring,0,0,0,0,0,112.2380066,0,0,0,0,0.24114175,0,0,0,0,21.22878058,0,0,0,0,0,0,0,0,0,0,0,0,0,0,0,0.272595,0.356025833,0,0,10.32092217,0,0,1.816211417,0,0,2.345818667,0,0,0,0,43.77608392,0,0,0,43.76756667,0,0,0,0,144.0907659,0.113303508,0,0,0,0,0,0,0,0,0,0,0,0,0,0,0,0,0,0,0,0,0.088982542,0,0,0,0,0,0,1.734912417
Rattus norvegicus-ZJ-2022-Spring,0,0,0,0,0,256.72964,0,0,0,0,80.80303733,0,0,0,0,0,0,0,0,0,0,0,0,0,0,0,0,0,0,0,0,0,0,0,0,51.91060453,0,0,0,0,0,0,0,0,0,0,0,0,0,635.4833333,0,0,0,0,0,0,0,0,0,0,0,0,0,0,0,0,0,0,0,0,0,0,0,0,0,0,0,0,0,0,0,0,0,0,2.914874667
Rattus norvegicus-AP-2022-Summer,0,0,0,0,0,55.412701,13.4987593,0,0,0,0,0,0,0,0,0,0,0,0,0,0,0,0,0,0,0.6245326,0,0,0,0,0,0,0,0,0,0,0,0,0,0,0,0,0,0,0,1.11442,0,0,0,83.705,0,0,0,0,0,126.614485,1.35077438,0,0,0,0,0,0,0,0,0,0,0,0,0,0,0,0,0,0.1935968,0.681798,0,0,0,0,0.1162503,0,0,0,0.10100713
Rattus norvegicus-ZJ-2022-Summer,0,0,0,14.90369566,107.1232107,0.194543467,2.4264462,0,0,0,0,0,0,0,0,0,0,0,0,0,0,0,0,0,0,0,0,0,0,0,0,0,0,0,0,27.83807833,0,0,1.561656,0,0,0,0,0,0,0,3.928299867,0,0,0,6.17884,0,0,0,0,1.558619433,0,0,0,0,0,0,0,0,0,0,0,0,0,0,0,0,0,0,2.273474133,0.186633333,0,5.92447557,0,0,0,0,0,0,0
Rattus norvegicus-AP-2022-Winter,0,0,0.253649,1.440144583,0,149.1765083,18.76541982,18.06888654,0,0,0,0,0,0,0,0.562675333,0,17.45251536,0,0,0,0,0,0,0,0,0,0,0,0,0,7.164290833,2.897654833,0,0,218.9320365,0,0,4.5702955,0,0,0.119196583,0,0,0,0,250.3968147,0,5.818083333,22.64191667,0,0,14.26883333,0,0,0,0.112145483,0,0,0,6.577191667,0,0,0,0,0,0,0,0,0,0,0,0,0,7.7712175,0,0,0.816470092,0,0,0,0,0.37444575,0,0
Rattus norvegicus-SG-2022-Winter,0,0,0,3.907795765,359.1528465,26.36002559,2.156621059,1.768786176,0,0,0.702728324,0,0,0,0,0,11.13081083,0,0,0,0,0,0,0,0,0,0,0,4.623032353,6.696552618,0,0,0,0.193539118,0,46.42261971,0.450990229,0,1188.63642,0,0,0,0,0,0,14.72511765,3871.218363,0,0,30.96741471,6.094911765,0,0,0,0,0,0.110306935,0,0,0.038228588,0,0,0,0,0,0,0,0,0,0,0,0,0,0,0.761238059,0,0,4.278647224,0,0,0,0,0,0,0.136598382
Rattus norvegicus-SS-2022-Winter,0,0,18.5447525,281.0139425,43.68470192,39.39740408,0,1.716200583,0,0,3.107138667,0,0.597080833,0,0,0,0,0,0,0,0,0,0,0,0,0.270712083,25.15605,0,0,61.99927667,0,0,0,0,0,19.13054467,0,0,0,0,0,0,0,0,0,0,1.369115017,0,0,5.600508333,0,0,0,6.475266667,0,0,0,0,0,0,0,0,0,0,0,0,0,0,0,0,0,0,0,0,0.486393167,0,0,0.099586967,0,0,0,0,0,0.425845075,0
Rattus norvegicus-SZ-2022-Winter,0,0,0,42.66260239,847.6964826,19.14475556,0.262935389,0,0,0,0,0,0.253106111,43.84061446,0,0,0,0,0,0,0,0,0,0.268371667,0,0,21.51124083,0,0,0,0,0,2.433026667,4.806311111,0,255.6050973,0,0,28.79149068,0.058458333,0,0,0,0,0,0,161.484463,0,0,0,84.06776111,0,84.34927778,175.945,21.29444444,0,0.447760933,0,0,0,0,0,0,0,0,0,0,0,0,0,0,0,0,0,0,0,0,0,0,0,0.193759722,0,1.2697824,0,0.507791222
Rattus norvegicus-ZJ-2022-Winter,0,0,0,0,4317.013433,0,0,0,0,0,0,0,0,0,0,0,0,0,0,0,0,0,0,0,0,0,0,0,0,0,0,0,0,0,0,29.72256307,0,0,0,0.195996,0,0,0,0,0,0,51.95310083,0,0,0,0,0,0,0,0,0,0,0,0,0,0,0,0,0,0,0,0,0,0,0,0,0,0,0,1.999992,0,0,7.669815,0,0,0,0,0,0,0.216169
Rattus tanezumi-AP-2021-Winter,0,0,0,0,1353.607507,0,32.16724744,1.541354667,0,0,0,0,0,0,0,485.6459089,0,0,0,0,0,0,0,0,0,0,0,0,0,0,0,0.880162667,0,0,0,0.530193333,0,0,0,0,0,0,0,0,0,5.853806667,124.5429333,0,0,48.48911111,0,0,0,0,10.70305556,0,0,0,0,0,0,0,0,0,0,7.7452,0,0,0,0,0,0,0,0,0,0,0,0,0,0,0,0,0,1.503781178,2.160366111
Rattus tanezumi-DB-2021-Winter,0,0,0,113.6821233,24.3603,0,8.95908375,0,0,52.23681475,0,0,0,0,0,131.5590963,0,0,4.20356525,7.0363075,0,0,0,0,0,0,1.81445025,0,0,0,0,0,0,35.82965,0,7.375283175,0,0,0.16335475,3.2984375,0,0.269983375,0,8.1308375,0,3.8842225,52.721875,0,0,0,0,0,0,19.12725,0,0,0,0,0,0,0.4047175,0,0,0,1.02949975,0.466027625,0,0,0,0,0,0,0,0,0,0,0,0,0,0,0,0,0,0.1270115,0.794136388
Rattus tanezumi-ZJ-2021-Winter,0,0,0,0.774033125,0,0,3.620833313,0,0,0,0,0,0,0,0,0,0,0,3.550621,0,0,0,0,0,30.82426063,0,0,41.80425,0,0,0.15926375,0,0,0,0,7.080377088,0,0.3172975,0.411161,1.28799375,0,0,11.37992375,0,0,0,0.0781405,0,0,0,6.9704375,0,0,15.841625,0,0,0,0,0,0,0,0,0,0,0,0.704051875,0,0,0,0,0,0,0,0,0.588621188,0,0,0,0,0,0,0,0,46.37851176,3.28110755
Rattus tanezumi-AP-2022-Autumn,0,305.2023455,0,0,481.52475,0,5.07596275,2.34259125,0,0,0,0,0,0,0,0,0,0,0,0,0,0,0,0.22554775,0,0,0,0,0,0,0,0,0,0,0,0.38915875,0,0,0,0,0,0,0,0,0,0,15.13340813,0,0,0,0,0,0,42.50275,0,1.787768175,0,0,0,0,0,0,0,0.367243125,0,0,0,0,0,0,0,0,0,0,0,0,0,0,0,0,0,0,0,1.08870145,0
Rattus tanezumi-HY-2022-Autumn,0,11.71328438,0,0,0,0,0,0,0,0,0,0,0,0,0,0,0,0,0,0,0,0,0,0,0,0,0,0,0,0,0,0.713028875,0,0,0,51.55375389,0,2.692515,19.22137125,0,26.87275,0,0,0,0,0,0,0,0,8.2536625,0,0,0,0,0,6.788187,0,0,0.609314,0,0,0,0,0,0,0,0,0,0,0,0,0,0,0,0,0,0,0,0,0,0.173295425,0,0,0,0
Rattus tanezumi-JY-2022-Autumn,0,0,0,0,0,0,0,0,0,0,0,0,0,0,0,30.73599333,0,0,0,0,0,0,0,0,0,0,0,0,0,0,0,0,0.634583333,0,0,15.72766667,0,18.03563,0,0,0,0,0,0,0,0,0,0,0,0,0,34.58666667,0,0,0,0,0,0,0,0,0,0,0,0,0,0,0,0,0,0,0,0,0,0,0,0,0,0,0,0,0,0,0,0,0
Rattus tanezumi-ZJ-2022-Autumn,0,0,0,0,0,0,0,0,0,0,0,0,0,0,0,105.0055,0,0,0,0,0,0,0,0,0,0,0,0,0,0,0,0,0,0,0,6.0847925,0,0,0,0,0,0,0,0,0,23.0189575,0,0,0,0,0,0,0,0,0,0,0,0,0.31996225,0,0,0,0,0,0,0,0,0,0,0,0,0,0,0,0,0,0,0,0,0,0,0,0,0,10.8974425
Rattus tanezumi-AP-2022-Spring,0,0,0,2.599105714,0.494935086,0,3.509178429,0,0,1.764829571,0,0,0,0,0,27.43103,0,0,0.3919,0,0,54.22185714,0,0,0,0,0,0,0,0,0,0,0,0,0,6.106426571,0,1.506178571,0.346745714,0,0,0,0,0,0,0,317.2823883,0,0,89.83918571,10.17447143,0,0,0,0,0,1.922346357,0,0,0,0,0,0,0,0,0,0,0,0,0,0,0,0,0,0,0,0,0,0,0,0,0,0,0.333340629,0
Rattus tanezumi-ZJ-2022-Spring,0,0,0,0,0,27.422146,0,0,0,0,0,0,0,0,0,0,0,0,0,0,0,0,0,8.5852,0,0,0,0,0,0,0,0,0,0,0,3.378392,0,0,0,0,0,0,0,0,0,5448.486169,0.6196824,0,0,0,0,0,0,0,0,0,0,0,0,0,0,0,0,0,0,0,0,0,0,0,0,0,0,0,0,0,0,0,0,0,0,0,0,0,0.6733358
Rattus tanezumi-AP-2022-Summer,0,0,0,0,0,0,26.126145,0,0,0,0,0,0,0,0,0,265.45215,0,0,0,0,0,0,0,0,0,0,0,0,0,0,0,0,0,0,21.00448,0,0,2.98052,0,0,0,0,0,0,0,0,0,0,0,0,0,0,0,0,0,1.0919815,0,0,0,0,0,0,0,0,0,0,0,0,0,0,0,0,0,0,0,0,0,0,0,0,0,0,0,0
Rattus tanezumi-ZJ-2022-Summer,0,0,0,0,0,0,0,0,0,0,0,0,0,0,0,0,0,0,0,0,0,0,0,0,0,0,0,0,0,0,0,0,0,0,0,0,0,0,3.226995,0,0,1.32723,0,0,0,22.50613,0,0,0,147.722,39.4,0,0,0,0,0,2.9808,0,0,0,0,0,0,1.22105325,0,0,0,0,0,0,0,0,0,0,0,0,0,0,0,0,0,0,0,0,0
Rattus tanezumi-AP-2022-Winter,0,0,0,0,0,0,0,16.41073267,0,0,0,0,0,0,0,0,127.9531033,0,23.230636,0,0,0,0,0,0,0,0,0,0,0,0,0,0,0,0,0,0,0,0,0,0,0,0,0,0,0,0,0,0,0,0,0,167.897,642.5416667,266.4423333,0,0,0,0,0,0,0,0,0,0,0,0,0,0,0,0,0,0,0,3.965551,0,0,0,0,0,0,0,0,6.563016867,0
Rattus tanezumi-SG-2022-Winter,0,986.9203333,0,48.18200233,0,0,0,0,0,0,0,0,0,0,0,0,2.39317,0,25.424785,0,0,0,0,0,2.007709,0,0,0,0,0,0,0,0,0,0,4.70768,0,0,18.80917523,4.835854333,0,0,0,0,0,0,0,0,0,0,0,0,0,229.6668333,0,0,0,0,0,0.315113667,0,0,0,0,1.971709833,0,0,0,0,0,0,0,0.337060833,0,0,0,0,0,0,0,0,0,0,26.8013913,0
Rattus tanezumi-SS-2022-Winter,0,0,0,0,0,0,0,0,0,0,0,0,0,0,0,0,0,0,0,0,0,0,0,0,0,0,0,0,0,0,0,0,0,0,0,0,0,0,0,0,0,0,0,0,0,0,0,0,0,0,0,0,0,496.306,0,0,0,0,0,0,0,0,0,0,2.985895,0,0,0,0,0,0,0,0,0,0,0,0,0,0,0,0,0,0,0,0
Rattus tanezumi-SZ-2022-Winter,0,0,0,0.767783643,0,0,2.1621245,0,0,0,0,0,0,0,0,0,0,0,1.903917143,0,0,0,0,7.191642857,0,0,1.271023571,28.07030443,0,0,0,0,0.268106786,0,0,74.29141841,0,28.27703092,1.541639257,0,0,0,0,0,0,0,6.417165,0,3.594035714,33.49307143,0,0,0,59.85971429,1281.187214,0,0,0,0,0,0,0,0,0,0,0,0,0,0,0,0,0,0,0.762041143,0,0,0,0,0,0,0,0,0,0,1.697644143
Rattus tanezumi-ZJ-2022-Winter,0,0,0,11.06862857,0,0,61.77380274,0,0,0,0,0,0,0,0,0,0,0,0,0,0,0,0,0,0,0,0,0,0,0,0,0,0,0,0,1.385062,0,1.313745857,1.275971429,0,0,0,0,0,0,0,7.829474286,0,0,0,6.107042857,0,0,0,0,0,0,0,0,0,0,0,0,0.242618571,0,0,0,0,0,0,0,0,0,0,0,0,0,0,0,0,0,0,0,0,0.250735157
Suncus murinus-AP-2021-Winter,0,0,0,0,0,0,0,0,3.491429677,0,0,0,0,0,0,0,0,0,0,0,0.618382308,0,0,0,0,675.012294,0,0,0,0,0,0,0,0,34.06557538,0,0,0,0,0,0,0,0,0,0,0.312135385,0,0,0,0,0,4.668153846,0,0,37.0556,0.196593838,0,0,2.586969231,0,0,0,0,0,0,0,0,0,0,0,0,0,0,0,0,0,0.253791231,0,0,0,0,1.620073923,0,0,0
Suncus murinus-DB-2021-Winter,0,0,0,0,0,0,0,0,1.9047435,0,0,0,0,0,0,0,0,0,0,0,102.9381939,0,0,0,0,452.0881423,0,0,0,0,0,0,0,0,12.69463583,0,0,0,0,0,0,1.753014167,0,0,0,0,16.07465,0,0,0,0,0,0,0,0,0,0,0,1.464575,0,0,5.90495,0,0,0,0,0,0,0,0,0,0,0,0,0,0,0,0,0,0,0,0,0,0,0
Suncus murinus-ZJ-2021-Winter,0,0,0,0,0,0,0,0,7.55742,0,0,0,0,0,0,0,0,0,0,0,0,0,0,0,0,0,0,0,0,0,0,0,0,0,9.9914745,0,0,0,0,0,0,0,0,0,0,0,0,0,0,0,0,0,0,0,0,0,0,0,0,0,0,0,0,0,0,0,0,0,0,0,0,0,0,0,0,0,0,0,0,0,0,1.308001,0,0,0
Suncus murinus-AP-2022-Autumn,0,0,0,0,0,0,0,0,7.3271026,0,0,0,0,0,0,0,0,0,0,0,40.74192,0,0,0,0,0,0,0,0,0,0,0,0,0,152.1122857,0,0,0,0,0,0,1.102186,0,0,0,0,0,0,0,0,0,0,0,0,0,0,0,0,0.21777622,0,0,0,0,0,0,0,0,0,0,0,0,0,0,0,0,0,0,0,0,0,0,0,0,0,0
Suncus murinus-HY-2022-Autumn,0,0,0,0,0,0,0,0,54.11653488,0,0,0,0,0,0,0,0,0,0,0,2.1471475,0,0,0,0,94.30281125,0,0,0,0,0,0,0,0,16.70008125,0,0,0,0,0,0,1.242983125,0,0,0,0,0,0,0,0,0,0,0,0,0,1.552878775,0,0,0,0,0,0,0,0,0,0,0,0,0,0,0,0,0,0,0,0,0,0,0,0,0,1.088521363,0,0,0
Suncus murinus-JY-2022-Autumn,0,0,0,0,0,0,0,0,0,0,0,0,0,0,0,0,0,0,0,0,0,0,0,0,0,851.8181,0,0,0,0,0,0,0,0,0,0,0,0,0,0,0,0,0,0,0,0,0,0,0,0,0,0,0,0,0,0,0,0,0,0,0,0,0,0,0,0,0,0,0,0,0,0,0,0,0,0,0,0,0,0,0,0,0,0,0
Suncus murinus-ZJ-2022-Autumn,0,0,0,0,0,0,0,0,0,0,0,0,0,0,0,0,0,0,0,0,0,0,0,0,0,607.9874648,0,0,0,0,26.825,0,0,0,6.4385904,0,0,0,0,0,0,60.335902,0,0,0,0,0,0,0,0,0,0,0,0,0,0,0,0,8.912292,0,0,0,0,0,0,0,0,0,0,0,0,0,0,0,0,0,0.915564,0,0,0,0,0,0,0,0
Suncus murinus-AP-2022-Spring,0,0,0,0,0,0,0,0,4.04333025,0,0,0,0,0,0,0,0,0,0,0,5.5551575,0,0,0,0,4436.853243,0,0,0,0,0,0,0,0,48.46306025,0,0,0,0,0,0,11.26188363,0,0,0,0,0,0,0,0,0,0,0,0,0,0,0,0,0,0,0,0,0,0,0,0,0,0,0,0,0,0,0,0,0,0,0,0,0,0,0,0.156534875,0,0,0
Suncus murinus-ZJ-2022-Spring,0,0,0,0,0,0,0,0,0,0,0,0,0,0,0,0,0,0,0,0,0,0,0,0,0,176.80367,0,0,0,0,0,0,0,0,24.62097929,0,0,0,0,0,0,11.10161429,0,0,0,6.609477143,0,0,0,27.31128571,0,0,0,0,164.8568571,0.4592192,0,0,0,0,0,0,0,0,0,0,0,0,0,0,0,0,0,0,0,0,0,0,0,0,0,0,0,0,0
Suncus murinus-AP-2022-Summer,0,0,0,0,0,0,0,0,4.16511842,0,0,0,0,0,0,0,0,0,0,0,0,0,0,0,0,587.936518,0,0,0,0,0,0,0,0,67.085817,0,0,0,0,0,0,0,0,0,0,0,0,0,0,0,0,0,0,0,0,0,0,0,0,0,0,1.371894,0,0,0,0,0,0,0,0,0,0,0,0,0,0,0,0,0,0,0,1.025047,0,0,0
Suncus murinus-AP-2022-Winter,0,0,0,0,0,0,0,0,0,0,0,0,0,0,0,0,0,0,0,0,0,0,0,0,0,0,0,0,0,0,0,0,0,0,9.838001333,0,0,0,0,0,0,1.028313,0,0,0,0,0,0,0,0,0,0,0,0,0,0,0,0,0,0.8215811,0,0,0,0,0,0,0,0,0,0,0,0,0,0,0,0,0,0,0,0,0,0,0,0,0
Suncus murinus-SG-2022-Winter,0,0,0,0,0,0,0,0,4.48144,0,0,0,0,0,0,0,0,0,0,0,0,0,0,0,0,0,0,0,0,0,0,0,0,0,0,0,0,0,0,0,0,0,0,0,0,0,0,0,0,0,0,0,0,0,0,0,0,0,0,0,0,0,0,0,0,0,0,0,0,0,0,0,0,0,0,0,1.433152,0,0,0,0,0,0,0,0
Suncus murinus-SS-2022-Winter,0,0,0,0,0,0,0,0,0,0,0,0,0,0,0,0,0,0,0,0,0,0,0,0,0,0,0,0,0,0,0,0,0,0,0,0,0,0,0,0,0,0,0,0,0,0,384.1236,0,0,0,0,0,0,0,0,0,0,0,0,0,0,0,0,0,0,0,0,0,0,0,0,0,0,0,0,0,0,0,0,0,0,0,0,0,0
Suncus murinus-YF-2022-Winter,0,0,0,0,0,0,0,0,0,0,0,0,0,0,0,0,0,0,0,0,0,0,0,0,0,0,0,0,0,0,0,0,0,0,0,0,0,0,0,0,0,0,0,0,0,0,4.840388,0,0,0,0,0,0,0,0,0,0,0,0,0,0,0,0,0,0,0,0,0,0,0,0,0,0,0,0,0,0,0,0,470.892,0,0,0,0,0
Suncus murinus-ZJ-2022-Winter,0,0,0,0,0,0,0,0,0,0,0,0,0,0,0,0,0,0,0,0,0,0,0,1.2011262,0,0,0,0,0,0,0,0,0,0,36.270062,0,0,0,0,0,0,0,0,0,0,0,0,0,0,0,0,0,0,0,0,0,0,0,0,0,0,0,0,0,0,0,0,0,0,0,0,0,0,0,0,0,0,0,0,0,0,0,0,0,0
